Sex,TotalKg
M,7.0
M,67.5
M,75.0
M,83.69949594959498
M,91.63921392139213
M,97.5
M,103.26867686768679
M,107.5
M,112.5
M,115.0
M,117.5
M,120.0
M,122.5
M,125.0
M,127.0
M,128.5
M,130.0
M,132.5
M,135.0
M,137.5
M,140.0
M,140.0
M,142.5
M,145.0
M,145.1559765976598
M,147.5
M,150.0
M,150.0
M,152.5
M,155.0
M,155.0
M,157.5
M,158.76
M,160.0
M,162.0
M,162.5
M,165.0
M,165.0
M,167.5
M,167.5
M,170.0
M,170.0
M,172.37
M,172.5
M,174.63
M,175.0
M,176.9
M,177.5
M,179.17
M,180.0
M,180.0
M,181.44
M,182.5
M,183.7
M,185.0
M,185.0
M,185.97
M,187.5
M,188.0
M,190.0
M,190.0
M,190.0
M,192.5
M,192.5
M,192.78
M,195.0
M,195.0
M,195.0
M,195.0
M,197.31
M,197.5
M,197.5
M,200.0
M,200.0
M,200.0
M,201.85
M,202.5
M,202.5
M,204.12
M,205.0
M,205.0
M,205.0
M,207.5
M,207.5
M,207.5
M,210.0
M,210.0
M,210.0
M,210.9
M,212.5
M,212.5
M,212.5
M,213.19
M,215.0
M,215.0
M,215.0
M,215.46
M,217.5
M,217.5
M,217.5
M,217.72
M,219.99
M,220.0
M,220.0
M,220.0
M,221.9518451845188
M,222.5
M,222.5
M,222.5
M,224.53
M,225.0
M,225.0
M,225.0
M,225.0
M,225.0
M,227.5
M,227.5
M,227.5
M,228.5
M,230.0
M,230.0
M,230.0
M,230.0
M,230.0
M,231.33
M,232.5
M,232.5
M,232.5
M,233.6
M,235.0
M,235.0
M,235.0
M,235.0
M,235.87
M,237.5
M,237.5
M,237.5
M,238.1
M,238.93591359135917
M,240.0
M,240.0
M,240.0
M,240.0
M,240.0
M,240.4
M,241.0
M,242.5
M,242.5
M,242.5
M,242.5
M,242.67
M,244.94
M,245.0
M,245.0
M,245.0
M,245.0
M,245.0
M,247.2
M,247.21
M,247.5
M,247.5
M,247.5
M,247.5
M,249.48
M,250.0
M,250.0
M,250.0
M,250.0
M,250.0
M,251.29
M,251.74
M,252.5
M,252.5
M,252.5
M,252.5
M,254.01
M,255.0
M,255.0
M,255.0
M,255.0
M,255.0
M,255.0
M,255.0
M,256.28
M,257.5
M,257.5
M,257.5
M,257.5
M,257.5
M,258.55
M,260.0
M,260.0
M,260.0
M,260.0
M,260.0
M,260.0
M,260.0
M,260.0
M,260.82
M,262.0
M,262.5
M,262.5
M,262.5
M,262.5
M,263.08
M,265.0
M,265.0
M,265.0
M,265.0
M,265.0
M,265.0
M,265.0
M,265.0
M,265.35
M,265.35
M,267.5
M,267.5
M,267.5
M,267.5
M,267.5
M,267.62
M,267.62
M,269.89
M,270.0
M,270.0
M,270.0
M,270.0
M,270.0
M,270.0
M,270.0
M,270.0
M,272.16
M,272.5
M,272.5
M,272.5
M,272.5
M,272.5
M,272.5
M,274.42
M,274.42
M,275.0
M,275.0
M,275.0
M,275.0
M,275.0
M,275.0
M,275.0
M,275.0
M,276.69
M,276.7
M,277.5
M,277.5
M,277.5
M,277.5
M,277.5
M,278.0
M,278.96
M,280.0
M,280.0
M,280.0
M,280.0
M,280.0
M,280.0
M,280.0
M,280.0
M,280.0
M,281.23
M,281.23
M,282.5
M,282.5
M,282.5
M,282.5
M,282.5
M,282.5
M,283.5
M,283.5
M,284.0
M,285.0
M,285.0
M,285.0
M,285.0
M,285.0
M,285.0
M,285.0
M,285.0
M,285.0
M,285.76
M,287.2683768376846
M,287.5
M,287.5
M,287.5
M,287.5
M,287.5
M,287.5
M,287.5
M,288.03
M,289.85
M,290.0
M,290.0
M,290.0
M,290.0
M,290.0
M,290.0
M,290.0
M,290.0
M,290.0
M,290.0
M,290.0
M,290.3
M,290.3
M,292.5
M,292.5
M,292.5
M,292.5
M,292.5
M,292.5
M,292.5
M,292.57
M,292.57
M,294.8
M,294.84
M,295.0
M,295.0
M,295.0
M,295.0
M,295.0
M,295.0
M,295.0
M,295.0
M,295.0
M,295.0
M,295.0
M,297.1
M,297.1
M,297.5
M,297.5
M,297.5
M,297.5
M,297.5
M,297.5
M,297.5
M,299.37
M,299.37
M,300.0
M,300.0
M,300.0
M,300.0
M,300.0
M,300.0
M,300.0
M,300.0
M,300.0
M,300.0
M,300.0
M,300.0
M,300.0
M,300.0
M,300.0
M,301.64
M,301.64
M,302.5
M,302.5
M,302.5
M,302.5
M,302.5
M,302.5
M,302.5
M,302.5
M,302.5
M,303.91
M,303.91
M,305.0
M,305.0
M,305.0
M,305.0
M,305.0
M,305.0
M,305.0
M,305.0
M,305.0
M,305.0
M,305.0
M,305.0
M,306.17
M,306.17
M,307.5
M,307.5
M,307.5
M,307.5
M,307.5
M,307.5
M,307.5
M,307.5
M,307.5
M,308.44
M,308.44
M,310.0
M,310.0
M,310.0
M,310.0
M,310.0
M,310.0
M,310.0
M,310.0
M,310.0
M,310.0
M,310.0
M,310.0
M,310.0
M,310.71
M,310.71
M,312.5
M,312.5
M,312.5
M,312.5
M,312.5
M,312.5
M,312.5
M,312.5
M,312.5
M,312.5
M,312.98
M,312.98
M,314.40135013501333
M,315.0
M,315.0
M,315.0
M,315.0
M,315.0
M,315.0
M,315.0
M,315.0
M,315.0
M,315.0
M,315.0
M,315.0
M,315.0
M,315.25
M,315.25
M,315.25
M,317.5
M,317.5
M,317.5
M,317.5
M,317.5
M,317.5
M,317.5
M,317.5
M,317.5
M,317.5
M,317.51
M,317.51
M,318.0
M,319.78
M,319.78
M,320.0
M,320.0
M,320.0
M,320.0
M,320.0
M,320.0
M,320.0
M,320.0
M,320.0
M,320.0
M,320.0
M,320.0
M,320.0
M,320.0
M,320.0
M,320.0
M,320.0
M,322.05
M,322.05
M,322.5
M,322.5
M,322.5
M,322.5
M,322.5
M,322.5
M,322.5
M,322.5
M,322.5
M,322.5
M,322.5
M,323.8942484248431
M,324.32
M,324.32
M,325.0
M,325.0
M,325.0
M,325.0
M,325.0
M,325.0
M,325.0
M,325.0
M,325.0
M,325.0
M,325.0
M,325.0
M,325.0
M,325.0
M,325.0
M,326.0
M,326.59
M,326.59
M,327.5
M,327.5
M,327.5
M,327.5
M,327.5
M,327.5
M,327.5
M,327.5
M,327.5
M,327.5
M,327.5
M,327.5
M,328.85
M,328.85
M,328.85
M,330.0
M,330.0
M,330.0
M,330.0
M,330.0
M,330.0
M,330.0
M,330.0
M,330.0
M,330.0
M,330.0
M,330.0
M,330.0
M,330.0
M,330.0
M,330.0
M,330.0
M,330.0
M,331.12
M,331.12
M,332.0
M,332.5
M,332.5
M,332.5
M,332.5
M,332.5
M,332.5
M,332.5
M,332.5
M,332.5
M,332.5
M,332.5
M,332.5
M,333.39
M,333.39
M,334.0
M,335.0
M,335.0
M,335.0
M,335.0
M,335.0
M,335.0
M,335.0
M,335.0
M,335.0
M,335.0
M,335.0
M,335.0
M,335.0
M,335.0
M,335.0
M,335.0
M,335.0
M,335.5
M,335.66
M,335.66
M,337.5
M,337.5
M,337.5
M,337.5
M,337.5
M,337.5
M,337.5
M,337.5
M,337.5
M,337.5
M,337.5
M,337.5
M,337.5
M,337.9
M,337.93
M,337.93
M,340.0
M,340.0
M,340.0
M,340.0
M,340.0
M,340.0
M,340.0
M,340.0
M,340.0
M,340.0
M,340.0
M,340.0
M,340.0
M,340.0
M,340.0
M,340.0
M,340.0
M,340.0
M,340.0
M,340.0
M,340.19
M,340.19
M,340.2
M,342.46
M,342.46
M,342.46
M,342.5
M,342.5
M,342.5
M,342.5
M,342.5
M,342.5
M,342.5
M,342.5
M,342.5
M,342.5
M,342.5
M,342.5
M,342.5
M,342.5
M,343.5
M,344.73
M,344.73
M,345.0
M,345.0
M,345.0
M,345.0
M,345.0
M,345.0
M,345.0
M,345.0
M,345.0
M,345.0
M,345.0
M,345.0
M,345.0
M,345.0
M,345.0
M,345.0
M,345.0
M,345.0
M,345.0
M,345.0
M,346.0
M,347.0
M,347.0
M,347.0
M,347.5
M,347.5
M,347.5
M,347.5
M,347.5
M,347.5
M,347.5
M,347.5
M,347.5
M,347.5
M,347.5
M,347.5
M,347.5
M,347.5
M,349.0
M,349.27
M,350.0
M,350.0
M,350.0
M,350.0
M,350.0
M,350.0
M,350.0
M,350.0
M,350.0
M,350.0
M,350.0
M,350.0
M,350.0
M,350.0
M,350.0
M,350.0
M,350.0
M,350.0
M,350.0
M,350.0
M,350.0
M,350.0
M,350.0
M,351.12271827182394
M,351.53
M,351.53
M,352.5
M,352.5
M,352.5
M,352.5
M,352.5
M,352.5
M,352.5
M,352.5
M,352.5
M,352.5
M,352.5
M,352.5
M,352.5
M,352.5
M,352.5
M,353.0
M,353.8
M,353.8
M,355.0
M,355.0
M,355.0
M,355.0
M,355.0
M,355.0
M,355.0
M,355.0
M,355.0
M,355.0
M,355.0
M,355.0
M,355.0
M,355.0
M,355.0
M,355.0
M,355.0
M,355.0
M,355.0
M,355.0
M,355.0
M,355.0
M,355.5
M,356.07
M,356.07
M,357.5
M,357.5
M,357.5
M,357.5
M,357.5
M,357.5
M,357.5
M,357.5
M,357.5
M,357.5
M,357.5
M,357.5
M,357.5
M,357.5
M,357.5
M,357.5
M,357.5
M,358.34
M,358.34
M,359.492691269127
M,360.0
M,360.0
M,360.0
M,360.0
M,360.0
M,360.0
M,360.0
M,360.0
M,360.0
M,360.0
M,360.0
M,360.0
M,360.0
M,360.0
M,360.0
M,360.0
M,360.0
M,360.0
M,360.0
M,360.0
M,360.0
M,360.0
M,360.0
M,360.0
M,360.0
M,360.61
M,360.61
M,361.0
M,362.5
M,362.5
M,362.5
M,362.5
M,362.5
M,362.5
M,362.5
M,362.5
M,362.5
M,362.5
M,362.5
M,362.5
M,362.5
M,362.5
M,362.5
M,362.5
M,362.87
M,362.87
M,362.87
M,365.0
M,365.0
M,365.0
M,365.0
M,365.0
M,365.0
M,365.0
M,365.0
M,365.0
M,365.0
M,365.0
M,365.0
M,365.0
M,365.0
M,365.0
M,365.0
M,365.0
M,365.0
M,365.0
M,365.0
M,365.0
M,365.0
M,365.0
M,365.0
M,365.0
M,365.0
M,365.14
M,365.14
M,365.14
M,367.4
M,367.41
M,367.41
M,367.5
M,367.5
M,367.5
M,367.5
M,367.5
M,367.5
M,367.5
M,367.5
M,367.5
M,367.5
M,367.5
M,367.5
M,367.5
M,367.5
M,367.5
M,367.5
M,367.5
M,367.5
M,367.5
M,369.0
M,369.68
M,369.68
M,370.0
M,370.0
M,370.0
M,370.0
M,370.0
M,370.0
M,370.0
M,370.0
M,370.0
M,370.0
M,370.0
M,370.0
M,370.0
M,370.0
M,370.0
M,370.0
M,370.0
M,370.0
M,370.0
M,370.0
M,370.0
M,370.0
M,370.0
M,370.0
M,370.0
M,370.0
M,370.0
M,371.95
M,371.95
M,372.0
M,372.5
M,372.5
M,372.5
M,372.5
M,372.5
M,372.5
M,372.5
M,372.5
M,372.5
M,372.5
M,372.5
M,372.5
M,372.5
M,372.5
M,372.5
M,372.5
M,372.5
M,372.5
M,372.5
M,372.5
M,374.2
M,374.21
M,374.21
M,375.0
M,375.0
M,375.0
M,375.0
M,375.0
M,375.0
M,375.0
M,375.0
M,375.0
M,375.0
M,375.0
M,375.0
M,375.0
M,375.0
M,375.0
M,375.0
M,375.0
M,375.0
M,375.0
M,375.0
M,375.0
M,375.0
M,375.0
M,375.0
M,375.0
M,375.0
M,375.0
M,375.0
M,376.0
M,376.48
M,376.48
M,377.5
M,377.5
M,377.5
M,377.5
M,377.5
M,377.5
M,377.5
M,377.5
M,377.5
M,377.5
M,377.5
M,377.5
M,377.5
M,377.5
M,377.5
M,377.5
M,377.5
M,377.5
M,377.5
M,377.5
M,378.0
M,378.75
M,378.75
M,378.75
M,380.0
M,380.0
M,380.0
M,380.0
M,380.0
M,380.0
M,380.0
M,380.0
M,380.0
M,380.0
M,380.0
M,380.0
M,380.0
M,380.0
M,380.0
M,380.0
M,380.0
M,380.0
M,380.0
M,380.0
M,380.0
M,380.0
M,380.0
M,380.0
M,380.0
M,380.0
M,380.0
M,380.0
M,380.0
M,380.0
M,380.0
M,381.02
M,381.02
M,381.5
M,382.5
M,382.5
M,382.5
M,382.5
M,382.5
M,382.5
M,382.5
M,382.5
M,382.5
M,382.5
M,382.5
M,382.5
M,382.5
M,382.5
M,382.5
M,382.5
M,382.5
M,382.5
M,382.5
M,382.5
M,382.5
M,382.5
M,383.18247824782446
M,383.29
M,383.29
M,384.71129612961477
M,385.0
M,385.0
M,385.0
M,385.0
M,385.0
M,385.0
M,385.0
M,385.0
M,385.0
M,385.0
M,385.0
M,385.0
M,385.0
M,385.0
M,385.0
M,385.0
M,385.0
M,385.0
M,385.0
M,385.0
M,385.0
M,385.0
M,385.0
M,385.0
M,385.0
M,385.0
M,385.0
M,385.0
M,385.0
M,385.0
M,385.0
M,385.5
M,385.55
M,385.55
M,385.6
M,387.5
M,387.5
M,387.5
M,387.5
M,387.5
M,387.5
M,387.5
M,387.5
M,387.5
M,387.5
M,387.5
M,387.5
M,387.5
M,387.5
M,387.5
M,387.5
M,387.5
M,387.5
M,387.5
M,387.5
M,387.5
M,387.5
M,387.5
M,387.5
M,387.82
M,387.82
M,387.82
M,388.0
M,390.0
M,390.0
M,390.0
M,390.0
M,390.0
M,390.0
M,390.0
M,390.0
M,390.0
M,390.0
M,390.0
M,390.0
M,390.0
M,390.0
M,390.0
M,390.0
M,390.0
M,390.0
M,390.0
M,390.0
M,390.0
M,390.0
M,390.0
M,390.0
M,390.0
M,390.0
M,390.0
M,390.0
M,390.0
M,390.0
M,390.0
M,390.0
M,390.0
M,390.0
M,390.0
M,390.09
M,390.09
M,391.0
M,392.36
M,392.36
M,392.36
M,392.5
M,392.5
M,392.5
M,392.5
M,392.5
M,392.5
M,392.5
M,392.5
M,392.5
M,392.5
M,392.5
M,392.5
M,392.5
M,392.5
M,392.5
M,392.5
M,392.5
M,392.5
M,392.5
M,392.5
M,392.5
M,392.5
M,392.5
M,392.5
M,393.0
M,394.63
M,394.63
M,394.63
M,395.0
M,395.0
M,395.0
M,395.0
M,395.0
M,395.0
M,395.0
M,395.0
M,395.0
M,395.0
M,395.0
M,395.0
M,395.0
M,395.0
M,395.0
M,395.0
M,395.0
M,395.0
M,395.0
M,395.0
M,395.0
M,395.0
M,395.0
M,395.0
M,395.0
M,395.0
M,395.0
M,395.0
M,395.0
M,395.0
M,395.0
M,395.0
M,395.0
M,395.0
M,395.5
M,396.89
M,396.89
M,396.89
M,397.5
M,397.5
M,397.5
M,397.5
M,397.5
M,397.5
M,397.5
M,397.5
M,397.5
M,397.5
M,397.5
M,397.5
M,397.5
M,397.5
M,397.5
M,397.5
M,397.5
M,397.5
M,397.5
M,397.5
M,397.5
M,397.5
M,397.5
M,397.5
M,397.5
M,397.5
M,399.16
M,399.16
M,399.2669966996706
M,400.0
M,400.0
M,400.0
M,400.0
M,400.0
M,400.0
M,400.0
M,400.0
M,400.0
M,400.0
M,400.0
M,400.0
M,400.0
M,400.0
M,400.0
M,400.0
M,400.0
M,400.0
M,400.0
M,400.0
M,400.0
M,400.0
M,400.0
M,400.0
M,400.0
M,400.0
M,400.0
M,400.0
M,400.0
M,400.0
M,400.0
M,400.0
M,400.0
M,400.0
M,400.0
M,400.0
M,400.0
M,400.0
M,400.0
M,400.0
M,400.0
M,400.0
M,400.0
M,400.0
M,401.0
M,401.43
M,401.43
M,402.5
M,402.5
M,402.5
M,402.5
M,402.5
M,402.5
M,402.5
M,402.5
M,402.5
M,402.5
M,402.5
M,402.5
M,402.5
M,402.5
M,402.5
M,402.5
M,402.5
M,402.5
M,402.5
M,402.5
M,402.5
M,402.5
M,402.5
M,402.5
M,402.5
M,402.5
M,402.5
M,402.5
M,403.0
M,403.7
M,403.7
M,404.59294329433004
M,405.0
M,405.0
M,405.0
M,405.0
M,405.0
M,405.0
M,405.0
M,405.0
M,405.0
M,405.0
M,405.0
M,405.0
M,405.0
M,405.0
M,405.0
M,405.0
M,405.0
M,405.0
M,405.0
M,405.0
M,405.0
M,405.0
M,405.0
M,405.0
M,405.0
M,405.0
M,405.0
M,405.0
M,405.0
M,405.0
M,405.0
M,405.0
M,405.0
M,405.0
M,405.0
M,405.0
M,405.0
M,405.0
M,405.5
M,405.97
M,405.97
M,405.97
M,407.0
M,407.5
M,407.5
M,407.5
M,407.5
M,407.5
M,407.5
M,407.5
M,407.5
M,407.5
M,407.5
M,407.5
M,407.5
M,407.5
M,407.5
M,407.5
M,407.5
M,407.5
M,407.5
M,407.5
M,407.5
M,407.5
M,407.5
M,407.5
M,407.5
M,407.5
M,407.5
M,407.5
M,407.5
M,408.0
M,408.23
M,408.23
M,408.23
M,410.0
M,410.0
M,410.0
M,410.0
M,410.0
M,410.0
M,410.0
M,410.0
M,410.0
M,410.0
M,410.0
M,410.0
M,410.0
M,410.0
M,410.0
M,410.0
M,410.0
M,410.0
M,410.0
M,410.0
M,410.0
M,410.0
M,410.0
M,410.0
M,410.0
M,410.0
M,410.0
M,410.0
M,410.0
M,410.0
M,410.0
M,410.0
M,410.0
M,410.0
M,410.0
M,410.0
M,410.0
M,410.0
M,410.0
M,410.0
M,410.0
M,410.0
M,410.0
M,410.0
M,410.0
M,410.5
M,410.5
M,410.5
M,411.0
M,412.5
M,412.5
M,412.5
M,412.5
M,412.5
M,412.5
M,412.5
M,412.5
M,412.5
M,412.5
M,412.5
M,412.5
M,412.5
M,412.5
M,412.5
M,412.5
M,412.5
M,412.5
M,412.5
M,412.5
M,412.5
M,412.5
M,412.5
M,412.5
M,412.5
M,412.5
M,412.5
M,412.5
M,412.5
M,412.5
M,412.5
M,412.5
M,412.77
M,412.77
M,412.77
M,413.0
M,415.0
M,415.0
M,415.0
M,415.0
M,415.0
M,415.0
M,415.0
M,415.0
M,415.0
M,415.0
M,415.0
M,415.0
M,415.0
M,415.0
M,415.0
M,415.0
M,415.0
M,415.0
M,415.0
M,415.0
M,415.0
M,415.0
M,415.0
M,415.0
M,415.0
M,415.0
M,415.0
M,415.0
M,415.0
M,415.0
M,415.0
M,415.0
M,415.0
M,415.0
M,415.0
M,415.0
M,415.0
M,415.0
M,415.0
M,415.0
M,415.0
M,415.0
M,415.0
M,415.04
M,415.04
M,415.04
M,416.5
M,417.3
M,417.3
M,417.5
M,417.5
M,417.5
M,417.5
M,417.5
M,417.5
M,417.5
M,417.5
M,417.5
M,417.5
M,417.5
M,417.5
M,417.5
M,417.5
M,417.5
M,417.5
M,417.5
M,417.5
M,417.5
M,417.5
M,417.5
M,417.5
M,417.5
M,417.5
M,417.5
M,417.5
M,417.5
M,417.5
M,417.5
M,417.5
M,417.5
M,417.5
M,417.5
M,417.5
M,419.12
M,419.57
M,419.57
M,419.57
M,420.0
M,420.0
M,420.0
M,420.0
M,420.0
M,420.0
M,420.0
M,420.0
M,420.0
M,420.0
M,420.0
M,420.0
M,420.0
M,420.0
M,420.0
M,420.0
M,420.0
M,420.0
M,420.0
M,420.0
M,420.0
M,420.0
M,420.0
M,420.0
M,420.0
M,420.0
M,420.0
M,420.0
M,420.0
M,420.0
M,420.0
M,420.0
M,420.0
M,420.0
M,420.0
M,420.0
M,420.0
M,420.0
M,420.0
M,420.0
M,420.0
M,420.0
M,420.0
M,420.0
M,420.0
M,420.0
M,420.0
M,420.0
M,420.5
M,421.84
M,421.84
M,421.84
M,422.5
M,422.5
M,422.5
M,422.5
M,422.5
M,422.5
M,422.5
M,422.5
M,422.5
M,422.5
M,422.5
M,422.5
M,422.5
M,422.5
M,422.5
M,422.5
M,422.5
M,422.5
M,422.5
M,422.5
M,422.5
M,422.5
M,422.5
M,422.5
M,422.5
M,422.5
M,422.5
M,422.5
M,422.5
M,422.5
M,422.5
M,422.5
M,422.5
M,422.5
M,422.5
M,422.5
M,423.0
M,424.11
M,424.11
M,424.11
M,424.11028502850286
M,425.0
M,425.0
M,425.0
M,425.0
M,425.0
M,425.0
M,425.0
M,425.0
M,425.0
M,425.0
M,425.0
M,425.0
M,425.0
M,425.0
M,425.0
M,425.0
M,425.0
M,425.0
M,425.0
M,425.0
M,425.0
M,425.0
M,425.0
M,425.0
M,425.0
M,425.0
M,425.0
M,425.0
M,425.0
M,425.0
M,425.0
M,425.0
M,425.0
M,425.0
M,425.0
M,425.0
M,425.0
M,425.0
M,425.0
M,425.0
M,425.0
M,425.0
M,425.0
M,425.0
M,425.0
M,425.0
M,425.0
M,425.0
M,426.0
M,426.38
M,426.38
M,426.38
M,427.5
M,427.5
M,427.5
M,427.5
M,427.5
M,427.5
M,427.5
M,427.5
M,427.5
M,427.5
M,427.5
M,427.5
M,427.5
M,427.5
M,427.5
M,427.5
M,427.5
M,427.5
M,427.5
M,427.5
M,427.5
M,427.5
M,427.5
M,427.5
M,427.5
M,427.5
M,427.5
M,427.5
M,427.5
M,427.5
M,427.5
M,427.5
M,427.5
M,427.5
M,427.5
M,427.5
M,427.5
M,428.5
M,428.64
M,428.64
M,428.64
M,429.5863876387663
M,430.0
M,430.0
M,430.0
M,430.0
M,430.0
M,430.0
M,430.0
M,430.0
M,430.0
M,430.0
M,430.0
M,430.0
M,430.0
M,430.0
M,430.0
M,430.0
M,430.0
M,430.0
M,430.0
M,430.0
M,430.0
M,430.0
M,430.0
M,430.0
M,430.0
M,430.0
M,430.0
M,430.0
M,430.0
M,430.0
M,430.0
M,430.0
M,430.0
M,430.0
M,430.0
M,430.0
M,430.0
M,430.0
M,430.0
M,430.0
M,430.0
M,430.0
M,430.0
M,430.0
M,430.0
M,430.0
M,430.0
M,430.0
M,430.0
M,430.0
M,430.0
M,430.0
M,430.5
M,430.91
M,430.91
M,430.91
M,432.0
M,432.5
M,432.5
M,432.5
M,432.5
M,432.5
M,432.5
M,432.5
M,432.5
M,432.5
M,432.5
M,432.5
M,432.5
M,432.5
M,432.5
M,432.5
M,432.5
M,432.5
M,432.5
M,432.5
M,432.5
M,432.5
M,432.5
M,432.5
M,432.5
M,432.5
M,432.5
M,432.5
M,432.5
M,432.5
M,432.5
M,432.5
M,432.5
M,432.5
M,432.5
M,432.5
M,432.5
M,432.5
M,432.5
M,432.5
M,432.5
M,433.18
M,433.18
M,433.18
M,434.0
M,435.0
M,435.0
M,435.0
M,435.0
M,435.0
M,435.0
M,435.0
M,435.0
M,435.0
M,435.0
M,435.0
M,435.0
M,435.0
M,435.0
M,435.0
M,435.0
M,435.0
M,435.0
M,435.0
M,435.0
M,435.0
M,435.0
M,435.0
M,435.0
M,435.0
M,435.0
M,435.0
M,435.0
M,435.0
M,435.0
M,435.0
M,435.0
M,435.0
M,435.0
M,435.0
M,435.0
M,435.0
M,435.0
M,435.0
M,435.0
M,435.0
M,435.0
M,435.0
M,435.0
M,435.0
M,435.0
M,435.0
M,435.0
M,435.0
M,435.0
M,435.0
M,435.0
M,435.45
M,435.45
M,435.45
M,436.0
M,437.5
M,437.5
M,437.5
M,437.5
M,437.5
M,437.5
M,437.5
M,437.5
M,437.5
M,437.5
M,437.5
M,437.5
M,437.5
M,437.5
M,437.5
M,437.5
M,437.5
M,437.5
M,437.5
M,437.5
M,437.5
M,437.5
M,437.5
M,437.5
M,437.5
M,437.5
M,437.5
M,437.5
M,437.5
M,437.5
M,437.5
M,437.5
M,437.5
M,437.5
M,437.5
M,437.5
M,437.5
M,437.5
M,437.5
M,437.5
M,437.5
M,437.72
M,437.72
M,437.72
M,438.0
M,439.98
M,439.98
M,439.98
M,440.0
M,440.0
M,440.0
M,440.0
M,440.0
M,440.0
M,440.0
M,440.0
M,440.0
M,440.0
M,440.0
M,440.0
M,440.0
M,440.0
M,440.0
M,440.0
M,440.0
M,440.0
M,440.0
M,440.0
M,440.0
M,440.0
M,440.0
M,440.0
M,440.0
M,440.0
M,440.0
M,440.0
M,440.0
M,440.0
M,440.0
M,440.0
M,440.0
M,440.0
M,440.0
M,440.0
M,440.0
M,440.0
M,440.0
M,440.0
M,440.0
M,440.0
M,440.0
M,440.0
M,440.0
M,440.0
M,440.0
M,440.0
M,440.0
M,440.0
M,440.0
M,440.0
M,440.0
M,440.0
M,440.0
M,440.0
M,440.0
M,440.0
M,440.0
M,440.5
M,442.0
M,442.25
M,442.25
M,442.25
M,442.3
M,442.5
M,442.5
M,442.5
M,442.5
M,442.5
M,442.5
M,442.5
M,442.5
M,442.5
M,442.5
M,442.5
M,442.5
M,442.5
M,442.5
M,442.5
M,442.5
M,442.5
M,442.5
M,442.5
M,442.5
M,442.5
M,442.5
M,442.5
M,442.5
M,442.5
M,442.5
M,442.5
M,442.5
M,442.5
M,442.5
M,442.5
M,442.5
M,442.5
M,442.5
M,442.5
M,442.5
M,442.5
M,442.5
M,442.5
M,442.5
M,442.5
M,442.5
M,442.5
M,443.5
M,444.52
M,444.52
M,444.52
M,445.0
M,445.0
M,445.0
M,445.0
M,445.0
M,445.0
M,445.0
M,445.0
M,445.0
M,445.0
M,445.0
M,445.0
M,445.0
M,445.0
M,445.0
M,445.0
M,445.0
M,445.0
M,445.0
M,445.0
M,445.0
M,445.0
M,445.0
M,445.0
M,445.0
M,445.0
M,445.0
M,445.0
M,445.0
M,445.0
M,445.0
M,445.0
M,445.0
M,445.0
M,445.0
M,445.0
M,445.0
M,445.0
M,445.0
M,445.0
M,445.0
M,445.0
M,445.0
M,445.0
M,445.0
M,445.0
M,445.0
M,445.0
M,445.0
M,445.0
M,445.0
M,445.0
M,445.0
M,445.0
M,445.0
M,445.0
M,445.0
M,445.5
M,446.5
M,446.79
M,446.79
M,446.8
M,447.5
M,447.5
M,447.5
M,447.5
M,447.5
M,447.5
M,447.5
M,447.5
M,447.5
M,447.5
M,447.5
M,447.5
M,447.5
M,447.5
M,447.5
M,447.5
M,447.5
M,447.5
M,447.5
M,447.5
M,447.5
M,447.5
M,447.5
M,447.5
M,447.5
M,447.5
M,447.5
M,447.5
M,447.5
M,447.5
M,447.5
M,447.5
M,447.5
M,447.5
M,447.5
M,447.5
M,447.5
M,447.5
M,447.5
M,447.5
M,447.5
M,447.5
M,447.5
M,448.0
M,449.06
M,449.06
M,450.0
M,450.0
M,450.0
M,450.0
M,450.0
M,450.0
M,450.0
M,450.0
M,450.0
M,450.0
M,450.0
M,450.0
M,450.0
M,450.0
M,450.0
M,450.0
M,450.0
M,450.0
M,450.0
M,450.0
M,450.0
M,450.0
M,450.0
M,450.0
M,450.0
M,450.0
M,450.0
M,450.0
M,450.0
M,450.0
M,450.0
M,450.0
M,450.0
M,450.0
M,450.0
M,450.0
M,450.0
M,450.0
M,450.0
M,450.0
M,450.0
M,450.0
M,450.0
M,450.0
M,450.0
M,450.0
M,450.0
M,450.0
M,450.0
M,450.0
M,450.0
M,450.0
M,450.0
M,450.0
M,450.0
M,450.0
M,450.0
M,450.0
M,450.0
M,450.0
M,450.0
M,450.0
M,450.0
M,450.0
M,451.0
M,451.32
M,451.32
M,452.0
M,452.5
M,452.5
M,452.5
M,452.5
M,452.5
M,452.5
M,452.5
M,452.5
M,452.5
M,452.5
M,452.5
M,452.5
M,452.5
M,452.5
M,452.5
M,452.5
M,452.5
M,452.5
M,452.5
M,452.5
M,452.5
M,452.5
M,452.5
M,452.5
M,452.5
M,452.5
M,452.5
M,452.5
M,452.5
M,452.5
M,452.5
M,452.5
M,452.5
M,452.5
M,452.5
M,452.5
M,452.5
M,452.5
M,452.5
M,452.5
M,452.5
M,452.5
M,452.5
M,452.5
M,453.0
M,453.59
M,453.59
M,453.59
M,453.59
M,453.59
M,453.59
M,454.39050405040473
M,455.0
M,455.0
M,455.0
M,455.0
M,455.0
M,455.0
M,455.0
M,455.0
M,455.0
M,455.0
M,455.0
M,455.0
M,455.0
M,455.0
M,455.0
M,455.0
M,455.0
M,455.0
M,455.0
M,455.0
M,455.0
M,455.0
M,455.0
M,455.0
M,455.0
M,455.0
M,455.0
M,455.0
M,455.0
M,455.0
M,455.0
M,455.0
M,455.0
M,455.0
M,455.0
M,455.0
M,455.0
M,455.0
M,455.0
M,455.0
M,455.0
M,455.0
M,455.0
M,455.0
M,455.0
M,455.0
M,455.0
M,455.0
M,455.0
M,455.0
M,455.0
M,455.0
M,455.0
M,455.0
M,455.0
M,455.0
M,455.0
M,455.0
M,455.0
M,455.0
M,455.0
M,455.0
M,455.0
M,455.0
M,455.0
M,455.0
M,455.0
M,455.0
M,455.0
M,455.0
M,455.0
M,455.0
M,455.0
M,455.0
M,455.0
M,455.0
M,455.0
M,455.86
M,455.86
M,455.86
M,455.86
M,456.0
M,457.5
M,457.5
M,457.5
M,457.5
M,457.5
M,457.5
M,457.5
M,457.5
M,457.5
M,457.5
M,457.5
M,457.5
M,457.5
M,457.5
M,457.5
M,457.5
M,457.5
M,457.5
M,457.5
M,457.5
M,457.5
M,457.5
M,457.5
M,457.5
M,457.5
M,457.5
M,457.5
M,457.5
M,457.5
M,457.5
M,457.5
M,457.5
M,457.5
M,457.5
M,457.5
M,457.5
M,457.5
M,457.5
M,457.5
M,457.5
M,457.5
M,457.5
M,457.5
M,457.5
M,457.5
M,457.5
M,457.5
M,457.5
M,457.5
M,457.5
M,458.0
M,458.13
M,458.13
M,458.13
M,458.5
M,460.0
M,460.0
M,460.0
M,460.0
M,460.0
M,460.0
M,460.0
M,460.0
M,460.0
M,460.0
M,460.0
M,460.0
M,460.0
M,460.0
M,460.0
M,460.0
M,460.0
M,460.0
M,460.0
M,460.0
M,460.0
M,460.0
M,460.0
M,460.0
M,460.0
M,460.0
M,460.0
M,460.0
M,460.0
M,460.0
M,460.0
M,460.0
M,460.0
M,460.0
M,460.0
M,460.0
M,460.0
M,460.0
M,460.0
M,460.0
M,460.0
M,460.0
M,460.0
M,460.0
M,460.0
M,460.0
M,460.0
M,460.0
M,460.0
M,460.0
M,460.0
M,460.0
M,460.0
M,460.0
M,460.0
M,460.0
M,460.0
M,460.0
M,460.0
M,460.0
M,460.0
M,460.0
M,460.0
M,460.0
M,460.0
M,460.0
M,460.0
M,460.0
M,460.0
M,460.0
M,460.0
M,460.0
M,460.0
M,460.4
M,460.4
M,460.4
M,460.4
M,461.0
M,462.0212961296123
M,462.5
M,462.5
M,462.5
M,462.5
M,462.5
M,462.5
M,462.5
M,462.5
M,462.5
M,462.5
M,462.5
M,462.5
M,462.5
M,462.5
M,462.5
M,462.5
M,462.5
M,462.5
M,462.5
M,462.5
M,462.5
M,462.5
M,462.5
M,462.5
M,462.5
M,462.5
M,462.5
M,462.5
M,462.5
M,462.5
M,462.5
M,462.5
M,462.5
M,462.5
M,462.5
M,462.5
M,462.5
M,462.5
M,462.5
M,462.5
M,462.5
M,462.5
M,462.5
M,462.5
M,462.5
M,462.5
M,462.5
M,462.5
M,462.5
M,462.5
M,462.5
M,462.5
M,462.5
M,462.66
M,462.66
M,462.67800180018065
M,463.0
M,464.9
M,464.93
M,464.93
M,464.93
M,465.0
M,465.0
M,465.0
M,465.0
M,465.0
M,465.0
M,465.0
M,465.0
M,465.0
M,465.0
M,465.0
M,465.0
M,465.0
M,465.0
M,465.0
M,465.0
M,465.0
M,465.0
M,465.0
M,465.0
M,465.0
M,465.0
M,465.0
M,465.0
M,465.0
M,465.0
M,465.0
M,465.0
M,465.0
M,465.0
M,465.0
M,465.0
M,465.0
M,465.0
M,465.0
M,465.0
M,465.0
M,465.0
M,465.0
M,465.0
M,465.0
M,465.0
M,465.0
M,465.0
M,465.0
M,465.0
M,465.0
M,465.0
M,465.0
M,465.0
M,465.0
M,465.0
M,465.0
M,465.0
M,465.0
M,465.0
M,465.0
M,465.0
M,465.0
M,465.0
M,465.0
M,465.0
M,465.0
M,465.0
M,465.0
M,465.0
M,465.0
M,465.0
M,466.0
M,467.2
M,467.2
M,467.2
M,467.5
M,467.5
M,467.5
M,467.5
M,467.5
M,467.5
M,467.5
M,467.5
M,467.5
M,467.5
M,467.5
M,467.5
M,467.5
M,467.5
M,467.5
M,467.5
M,467.5
M,467.5
M,467.5
M,467.5
M,467.5
M,467.5
M,467.5
M,467.5
M,467.5
M,467.5
M,467.5
M,467.5
M,467.5
M,467.5
M,467.5
M,467.5
M,467.5
M,467.5
M,467.5
M,467.5
M,467.5
M,467.5
M,467.5
M,467.5
M,467.5
M,467.5
M,467.5
M,467.5
M,467.5
M,467.5
M,467.5
M,467.5
M,467.5
M,467.5
M,467.5
M,467.5
M,467.5
M,467.5
M,468.0
M,469.43696369637183
M,469.47
M,469.47
M,469.47
M,470.0
M,470.0
M,470.0
M,470.0
M,470.0
M,470.0
M,470.0
M,470.0
M,470.0
M,470.0
M,470.0
M,470.0
M,470.0
M,470.0
M,470.0
M,470.0
M,470.0
M,470.0
M,470.0
M,470.0
M,470.0
M,470.0
M,470.0
M,470.0
M,470.0
M,470.0
M,470.0
M,470.0
M,470.0
M,470.0
M,470.0
M,470.0
M,470.0
M,470.0
M,470.0
M,470.0
M,470.0
M,470.0
M,470.0
M,470.0
M,470.0
M,470.0
M,470.0
M,470.0
M,470.0
M,470.0
M,470.0
M,470.0
M,470.0
M,470.0
M,470.0
M,470.0
M,470.0
M,470.0
M,470.0
M,470.0
M,470.0
M,470.0
M,470.0
M,470.0
M,470.0
M,470.0
M,470.0
M,470.0
M,470.0
M,470.0
M,470.0
M,470.0
M,470.0
M,470.0
M,470.0
M,470.0
M,470.0
M,470.5
M,471.0
M,471.74
M,471.74
M,471.74
M,472.0
M,472.5
M,472.5
M,472.5
M,472.5
M,472.5
M,472.5
M,472.5
M,472.5
M,472.5
M,472.5
M,472.5
M,472.5
M,472.5
M,472.5
M,472.5
M,472.5
M,472.5
M,472.5
M,472.5
M,472.5
M,472.5
M,472.5
M,472.5
M,472.5
M,472.5
M,472.5
M,472.5
M,472.5
M,472.5
M,472.5
M,472.5
M,472.5
M,472.5
M,472.5
M,472.5
M,472.5
M,472.5
M,472.5
M,472.5
M,472.5
M,472.5
M,472.5
M,472.5
M,472.5
M,472.5
M,472.5
M,472.5
M,472.5
M,472.5
M,472.5
M,472.5
M,472.5
M,472.5
M,472.5
M,472.5
M,473.0
M,473.5
M,474.0
M,474.0
M,474.0
M,475.0
M,475.0
M,475.0
M,475.0
M,475.0
M,475.0
M,475.0
M,475.0
M,475.0
M,475.0
M,475.0
M,475.0
M,475.0
M,475.0
M,475.0
M,475.0
M,475.0
M,475.0
M,475.0
M,475.0
M,475.0
M,475.0
M,475.0
M,475.0
M,475.0
M,475.0
M,475.0
M,475.0
M,475.0
M,475.0
M,475.0
M,475.0
M,475.0
M,475.0
M,475.0
M,475.0
M,475.0
M,475.0
M,475.0
M,475.0
M,475.0
M,475.0
M,475.0
M,475.0
M,475.0
M,475.0
M,475.0
M,475.0
M,475.0
M,475.0
M,475.0
M,475.0
M,475.0
M,475.0
M,475.0
M,475.0
M,475.0
M,475.0
M,475.0
M,475.0
M,475.0
M,475.0
M,475.0
M,475.0
M,475.0
M,475.0
M,475.0
M,475.0
M,475.0
M,475.0
M,475.0
M,475.0
M,475.0
M,476.0
M,476.27
M,476.27
M,476.27
M,477.0
M,477.5
M,477.5
M,477.5
M,477.5
M,477.5
M,477.5
M,477.5
M,477.5
M,477.5
M,477.5
M,477.5
M,477.5
M,477.5
M,477.5
M,477.5
M,477.5
M,477.5
M,477.5
M,477.5
M,477.5
M,477.5
M,477.5
M,477.5
M,477.5
M,477.5
M,477.5
M,477.5
M,477.5
M,477.5
M,477.5
M,477.5
M,477.5
M,477.5
M,477.5
M,477.5
M,477.5
M,477.5
M,477.5
M,477.5
M,477.5
M,477.5
M,477.5
M,477.5
M,477.5
M,477.5
M,477.5
M,477.5
M,477.5
M,477.5
M,477.5
M,477.5
M,477.5
M,477.5
M,477.5
M,477.5
M,477.5
M,477.5
M,478.0
M,478.54
M,478.54
M,478.54
M,479.45
M,480.0
M,480.0
M,480.0
M,480.0
M,480.0
M,480.0
M,480.0
M,480.0
M,480.0
M,480.0
M,480.0
M,480.0
M,480.0
M,480.0
M,480.0
M,480.0
M,480.0
M,480.0
M,480.0
M,480.0
M,480.0
M,480.0
M,480.0
M,480.0
M,480.0
M,480.0
M,480.0
M,480.0
M,480.0
M,480.0
M,480.0
M,480.0
M,480.0
M,480.0
M,480.0
M,480.0
M,480.0
M,480.0
M,480.0
M,480.0
M,480.0
M,480.0
M,480.0
M,480.0
M,480.0
M,480.0
M,480.0
M,480.0
M,480.0
M,480.0
M,480.0
M,480.0
M,480.0
M,480.0
M,480.0
M,480.0
M,480.0
M,480.0
M,480.0
M,480.0
M,480.0
M,480.0
M,480.0
M,480.0
M,480.0
M,480.0
M,480.0
M,480.0
M,480.0
M,480.0
M,480.0
M,480.0
M,480.0
M,480.0
M,480.0
M,480.0
M,480.0
M,480.0
M,480.0
M,480.0
M,480.8
M,480.81
M,480.81
M,480.81
M,481.0
M,482.5
M,482.5
M,482.5
M,482.5
M,482.5
M,482.5
M,482.5
M,482.5
M,482.5
M,482.5
M,482.5
M,482.5
M,482.5
M,482.5
M,482.5
M,482.5
M,482.5
M,482.5
M,482.5
M,482.5
M,482.5
M,482.5
M,482.5
M,482.5
M,482.5
M,482.5
M,482.5
M,482.5
M,482.5
M,482.5
M,482.5
M,482.5
M,482.5
M,482.5
M,482.5
M,482.5
M,482.5
M,482.5
M,482.5
M,482.5
M,482.5
M,482.5
M,482.5
M,482.5
M,482.5
M,482.5
M,482.5
M,482.5
M,482.5
M,482.5
M,482.5
M,482.5
M,482.5
M,482.5
M,482.5
M,482.5
M,482.5
M,483.0
M,483.08
M,483.08
M,483.08
M,483.08
M,484.31023102311184
M,485.0
M,485.0
M,485.0
M,485.0
M,485.0
M,485.0
M,485.0
M,485.0
M,485.0
M,485.0
M,485.0
M,485.0
M,485.0
M,485.0
M,485.0
M,485.0
M,485.0
M,485.0
M,485.0
M,485.0
M,485.0
M,485.0
M,485.0
M,485.0
M,485.0
M,485.0
M,485.0
M,485.0
M,485.0
M,485.0
M,485.0
M,485.0
M,485.0
M,485.0
M,485.0
M,485.0
M,485.0
M,485.0
M,485.0
M,485.0
M,485.0
M,485.0
M,485.0
M,485.0
M,485.0
M,485.0
M,485.0
M,485.0
M,485.0
M,485.0
M,485.0
M,485.0
M,485.0
M,485.0
M,485.0
M,485.0
M,485.0
M,485.0
M,485.0
M,485.0
M,485.0
M,485.0
M,485.0
M,485.0
M,485.0
M,485.0
M,485.0
M,485.0
M,485.0
M,485.0
M,485.0
M,485.0
M,485.0
M,485.0
M,485.0
M,485.0
M,485.34
M,485.34
M,485.34
M,485.5
M,487.0
M,487.5
M,487.5
M,487.5
M,487.5
M,487.5
M,487.5
M,487.5
M,487.5
M,487.5
M,487.5
M,487.5
M,487.5
M,487.5
M,487.5
M,487.5
M,487.5
M,487.5
M,487.5
M,487.5
M,487.5
M,487.5
M,487.5
M,487.5
M,487.5
M,487.5
M,487.5
M,487.5
M,487.5
M,487.5
M,487.5
M,487.5
M,487.5
M,487.5
M,487.5
M,487.5
M,487.5
M,487.5
M,487.5
M,487.5
M,487.5
M,487.5
M,487.5
M,487.5
M,487.5
M,487.5
M,487.5
M,487.5
M,487.5
M,487.5
M,487.5
M,487.5
M,487.5
M,487.5
M,487.5
M,487.5
M,487.5
M,487.5
M,487.5
M,487.5
M,487.5
M,487.5
M,487.6
M,487.61
M,487.61
M,487.61
M,488.0
M,489.88
M,489.88
M,489.88
M,490.0
M,490.0
M,490.0
M,490.0
M,490.0
M,490.0
M,490.0
M,490.0
M,490.0
M,490.0
M,490.0
M,490.0
M,490.0
M,490.0
M,490.0
M,490.0
M,490.0
M,490.0
M,490.0
M,490.0
M,490.0
M,490.0
M,490.0
M,490.0
M,490.0
M,490.0
M,490.0
M,490.0
M,490.0
M,490.0
M,490.0
M,490.0
M,490.0
M,490.0
M,490.0
M,490.0
M,490.0
M,490.0
M,490.0
M,490.0
M,490.0
M,490.0
M,490.0
M,490.0
M,490.0
M,490.0
M,490.0
M,490.0
M,490.0
M,490.0
M,490.0
M,490.0
M,490.0
M,490.0
M,490.0
M,490.0
M,490.0
M,490.0
M,490.0
M,490.0
M,490.0
M,490.0
M,490.0
M,490.0
M,490.0
M,490.0
M,490.0
M,490.0
M,490.0
M,490.0
M,490.0
M,490.0
M,490.0
M,490.0
M,490.0
M,490.0
M,490.0
M,490.0
M,490.0
M,490.0
M,490.0
M,490.0
M,490.5
M,492.0
M,492.15
M,492.15
M,492.15
M,492.5
M,492.5
M,492.5
M,492.5
M,492.5
M,492.5
M,492.5
M,492.5
M,492.5
M,492.5
M,492.5
M,492.5
M,492.5
M,492.5
M,492.5
M,492.5
M,492.5
M,492.5
M,492.5
M,492.5
M,492.5
M,492.5
M,492.5
M,492.5
M,492.5
M,492.5
M,492.5
M,492.5
M,492.5
M,492.5
M,492.5
M,492.5
M,492.5
M,492.5
M,492.5
M,492.5
M,492.5
M,492.5
M,492.5
M,492.5
M,492.5
M,492.5
M,492.5
M,492.5
M,492.5
M,492.5
M,492.5
M,492.5
M,492.5
M,492.5
M,492.5
M,492.5
M,492.5
M,492.5
M,492.5
M,492.5
M,492.5
M,492.5
M,492.5
M,492.5
M,493.0
M,493.5
M,494.42
M,494.42
M,494.42
M,495.0
M,495.0
M,495.0
M,495.0
M,495.0
M,495.0
M,495.0
M,495.0
M,495.0
M,495.0
M,495.0
M,495.0
M,495.0
M,495.0
M,495.0
M,495.0
M,495.0
M,495.0
M,495.0
M,495.0
M,495.0
M,495.0
M,495.0
M,495.0
M,495.0
M,495.0
M,495.0
M,495.0
M,495.0
M,495.0
M,495.0
M,495.0
M,495.0
M,495.0
M,495.0
M,495.0
M,495.0
M,495.0
M,495.0
M,495.0
M,495.0
M,495.0
M,495.0
M,495.0
M,495.0
M,495.0
M,495.0
M,495.0
M,495.0
M,495.0
M,495.0
M,495.0
M,495.0
M,495.0
M,495.0
M,495.0
M,495.0
M,495.0
M,495.0
M,495.0
M,495.0
M,495.0
M,495.0
M,495.0
M,495.0
M,495.0
M,495.0
M,495.0
M,495.0
M,495.0
M,495.0
M,495.0
M,495.0
M,495.0
M,495.846468646868
M,496.68
M,496.68
M,496.68
M,497.0
M,497.5
M,497.5
M,497.5
M,497.5
M,497.5
M,497.5
M,497.5
M,497.5
M,497.5
M,497.5
M,497.5
M,497.5
M,497.5
M,497.5
M,497.5
M,497.5
M,497.5
M,497.5
M,497.5
M,497.5
M,497.5
M,497.5
M,497.5
M,497.5
M,497.5
M,497.5
M,497.5
M,497.5
M,497.5
M,497.5
M,497.5
M,497.5
M,497.5
M,497.5
M,497.5
M,497.5
M,497.5
M,497.5
M,497.5
M,497.5
M,497.5
M,497.5
M,497.5
M,497.5
M,497.5
M,497.5
M,497.5
M,497.5
M,497.5
M,497.5
M,497.5
M,497.5
M,497.5
M,497.5
M,497.5
M,498.0
M,498.8727572757285
M,498.95
M,498.95
M,498.95
M,498.95
M,499.0
M,500.0
M,500.0
M,500.0
M,500.0
M,500.0
M,500.0
M,500.0
M,500.0
M,500.0
M,500.0
M,500.0
M,500.0
M,500.0
M,500.0
M,500.0
M,500.0
M,500.0
M,500.0
M,500.0
M,500.0
M,500.0
M,500.0
M,500.0
M,500.0
M,500.0
M,500.0
M,500.0
M,500.0
M,500.0
M,500.0
M,500.0
M,500.0
M,500.0
M,500.0
M,500.0
M,500.0
M,500.0
M,500.0
M,500.0
M,500.0
M,500.0
M,500.0
M,500.0
M,500.0
M,500.0
M,500.0
M,500.0
M,500.0
M,500.0
M,500.0
M,500.0
M,500.0
M,500.0
M,500.0
M,500.0
M,500.0
M,500.0
M,500.0
M,500.0
M,500.0
M,500.0
M,500.0
M,500.0
M,500.0
M,500.0
M,500.0
M,500.0
M,500.0
M,500.0
M,500.0
M,500.0
M,500.0
M,500.0
M,500.0
M,500.0
M,500.0
M,500.0
M,500.0
M,500.0
M,500.0
M,500.0
M,500.0
M,500.0
M,500.0
M,500.0
M,500.0
M,500.0
M,500.0
M,500.0
M,500.0
M,500.0
M,500.0
M,500.0
M,500.0
M,500.0
M,500.0
M,500.0
M,500.0
M,500.0
M,500.0
M,500.0
M,500.0
M,500.0
M,500.0
M,500.0
M,500.0
M,500.0
M,500.0
M,500.0
M,500.0
M,500.67659765977936
M,501.0
M,501.22
M,501.22
M,501.22
M,502.0
M,502.5
M,502.5
M,502.5
M,502.5
M,502.5
M,502.5
M,502.5
M,502.5
M,502.5
M,502.5
M,502.5
M,502.5
M,502.5
M,502.5
M,502.5
M,502.5
M,502.5
M,502.5
M,502.5
M,502.5
M,502.5
M,502.5
M,502.5
M,502.5
M,502.5
M,502.5
M,502.5
M,502.5
M,502.5
M,502.5
M,502.5
M,502.5
M,502.5
M,502.5
M,502.5
M,502.5
M,502.5
M,502.5
M,502.5
M,502.5
M,502.5
M,502.5
M,502.5
M,502.5
M,502.5
M,502.5
M,502.5
M,502.5
M,502.5
M,502.5
M,502.5
M,502.5
M,502.5
M,502.5
M,502.5
M,502.5
M,502.5
M,502.5
M,502.5
M,502.5
M,502.5
M,502.5
M,502.5
M,502.5
M,503.0
M,503.49
M,503.49
M,503.5
M,505.0
M,505.0
M,505.0
M,505.0
M,505.0
M,505.0
M,505.0
M,505.0
M,505.0
M,505.0
M,505.0
M,505.0
M,505.0
M,505.0
M,505.0
M,505.0
M,505.0
M,505.0
M,505.0
M,505.0
M,505.0
M,505.0
M,505.0
M,505.0
M,505.0
M,505.0
M,505.0
M,505.0
M,505.0
M,505.0
M,505.0
M,505.0
M,505.0
M,505.0
M,505.0
M,505.0
M,505.0
M,505.0
M,505.0
M,505.0
M,505.0
M,505.0
M,505.0
M,505.0
M,505.0
M,505.0
M,505.0
M,505.0
M,505.0
M,505.0
M,505.0
M,505.0
M,505.0
M,505.0
M,505.0
M,505.0
M,505.0
M,505.0
M,505.0
M,505.0
M,505.0
M,505.0
M,505.0
M,505.0
M,505.0
M,505.0
M,505.0
M,505.0
M,505.0
M,505.0
M,505.0
M,505.0
M,505.0
M,505.0
M,505.0
M,505.0
M,505.0
M,505.0
M,505.0
M,505.0
M,505.75
M,505.76
M,505.76
M,505.76
M,506.5
M,507.5
M,507.5
M,507.5
M,507.5
M,507.5
M,507.5
M,507.5
M,507.5
M,507.5
M,507.5
M,507.5
M,507.5
M,507.5
M,507.5
M,507.5
M,507.5
M,507.5
M,507.5
M,507.5
M,507.5
M,507.5
M,507.5
M,507.5
M,507.5
M,507.5
M,507.5
M,507.5
M,507.5
M,507.5
M,507.5
M,507.5
M,507.5
M,507.5
M,507.5
M,507.5
M,507.5
M,507.5
M,507.5
M,507.5
M,507.5
M,507.5
M,507.5
M,507.5
M,507.5
M,507.5
M,507.5
M,507.5
M,507.5
M,507.5
M,507.5
M,507.5
M,507.5
M,507.5
M,507.5
M,507.5
M,507.5
M,507.5
M,507.5
M,507.5
M,507.5
M,507.5
M,507.5
M,507.5
M,507.5
M,507.5
M,507.5
M,508.0
M,508.02
M,508.02
M,508.02
M,510.0
M,510.0
M,510.0
M,510.0
M,510.0
M,510.0
M,510.0
M,510.0
M,510.0
M,510.0
M,510.0
M,510.0
M,510.0
M,510.0
M,510.0
M,510.0
M,510.0
M,510.0
M,510.0
M,510.0
M,510.0
M,510.0
M,510.0
M,510.0
M,510.0
M,510.0
M,510.0
M,510.0
M,510.0
M,510.0
M,510.0
M,510.0
M,510.0
M,510.0
M,510.0
M,510.0
M,510.0
M,510.0
M,510.0
M,510.0
M,510.0
M,510.0
M,510.0
M,510.0
M,510.0
M,510.0
M,510.0
M,510.0
M,510.0
M,510.0
M,510.0
M,510.0
M,510.0
M,510.0
M,510.0
M,510.0
M,510.0
M,510.0
M,510.0
M,510.0
M,510.0
M,510.0
M,510.0
M,510.0
M,510.0
M,510.0
M,510.0
M,510.0
M,510.0
M,510.0
M,510.0
M,510.0
M,510.0
M,510.0
M,510.0
M,510.0
M,510.0
M,510.0
M,510.0
M,510.0
M,510.0
M,510.0
M,510.0
M,510.0
M,510.0
M,510.0
M,510.0
M,510.0
M,510.0
M,510.29
M,510.29
M,510.29
M,510.29
M,510.5
M,511.5
M,512.5
M,512.5
M,512.5
M,512.5
M,512.5
M,512.5
M,512.5
M,512.5
M,512.5
M,512.5
M,512.5
M,512.5
M,512.5
M,512.5
M,512.5
M,512.5
M,512.5
M,512.5
M,512.5
M,512.5
M,512.5
M,512.5
M,512.5
M,512.5
M,512.5
M,512.5
M,512.5
M,512.5
M,512.5
M,512.5
M,512.5
M,512.5
M,512.5
M,512.5
M,512.5
M,512.5
M,512.5
M,512.5
M,512.5
M,512.5
M,512.5
M,512.5
M,512.5
M,512.5
M,512.5
M,512.5
M,512.5
M,512.5
M,512.5
M,512.5
M,512.5
M,512.5
M,512.5
M,512.5
M,512.5
M,512.5
M,512.5
M,512.5
M,512.5
M,512.5
M,512.5
M,512.5
M,512.5
M,512.5
M,512.5
M,512.5
M,512.5
M,512.5
M,512.5
M,512.56
M,512.56
M,512.56
M,513.0
M,514.0
M,514.83
M,514.83
M,514.83
M,515.0
M,515.0
M,515.0
M,515.0
M,515.0
M,515.0
M,515.0
M,515.0
M,515.0
M,515.0
M,515.0
M,515.0
M,515.0
M,515.0
M,515.0
M,515.0
M,515.0
M,515.0
M,515.0
M,515.0
M,515.0
M,515.0
M,515.0
M,515.0
M,515.0
M,515.0
M,515.0
M,515.0
M,515.0
M,515.0
M,515.0
M,515.0
M,515.0
M,515.0
M,515.0
M,515.0
M,515.0
M,515.0
M,515.0
M,515.0
M,515.0
M,515.0
M,515.0
M,515.0
M,515.0
M,515.0
M,515.0
M,515.0
M,515.0
M,515.0
M,515.0
M,515.0
M,515.0
M,515.0
M,515.0
M,515.0
M,515.0
M,515.0
M,515.0
M,515.0
M,515.0
M,515.0
M,515.0
M,515.0
M,515.0
M,515.0
M,515.0
M,515.0
M,515.0
M,515.0
M,515.0
M,515.0
M,515.0
M,515.0
M,515.0
M,515.0
M,515.0
M,515.0
M,515.0
M,515.0
M,515.0
M,515.0
M,515.0
M,515.0
M,515.0
M,515.0
M,515.0
M,515.5
M,516.0
M,517.1
M,517.1
M,517.1
M,517.5
M,517.5
M,517.5
M,517.5
M,517.5
M,517.5
M,517.5
M,517.5
M,517.5
M,517.5
M,517.5
M,517.5
M,517.5
M,517.5
M,517.5
M,517.5
M,517.5
M,517.5
M,517.5
M,517.5
M,517.5
M,517.5
M,517.5
M,517.5
M,517.5
M,517.5
M,517.5
M,517.5
M,517.5
M,517.5
M,517.5
M,517.5
M,517.5
M,517.5
M,517.5
M,517.5
M,517.5
M,517.5
M,517.5
M,517.5
M,517.5
M,517.5
M,517.5
M,517.5
M,517.5
M,517.5
M,517.5
M,517.5
M,517.5
M,517.5
M,517.5
M,517.5
M,517.5
M,517.5
M,517.5
M,517.5
M,517.5
M,517.5
M,517.5
M,517.5
M,517.5
M,517.5
M,517.5
M,517.5
M,517.5
M,517.5
M,517.5
M,517.5
M,518.0
M,518.5
M,519.36
M,519.36
M,519.36
M,520.0
M,520.0
M,520.0
M,520.0
M,520.0
M,520.0
M,520.0
M,520.0
M,520.0
M,520.0
M,520.0
M,520.0
M,520.0
M,520.0
M,520.0
M,520.0
M,520.0
M,520.0
M,520.0
M,520.0
M,520.0
M,520.0
M,520.0
M,520.0
M,520.0
M,520.0
M,520.0
M,520.0
M,520.0
M,520.0
M,520.0
M,520.0
M,520.0
M,520.0
M,520.0
M,520.0
M,520.0
M,520.0
M,520.0
M,520.0
M,520.0
M,520.0
M,520.0
M,520.0
M,520.0
M,520.0
M,520.0
M,520.0
M,520.0
M,520.0
M,520.0
M,520.0
M,520.0
M,520.0
M,520.0
M,520.0
M,520.0
M,520.0
M,520.0
M,520.0
M,520.0
M,520.0
M,520.0
M,520.0
M,520.0
M,520.0
M,520.0
M,520.0
M,520.0
M,520.0
M,520.0
M,520.0
M,520.0
M,520.0
M,520.0
M,520.0
M,520.0
M,520.0
M,520.0
M,520.0
M,520.0
M,520.0
M,520.0
M,520.0
M,520.0
M,520.0
M,520.0
M,520.0
M,520.0
M,520.0
M,520.0
M,520.0
M,520.0
M,520.5
M,521.18
M,521.63
M,521.63
M,521.63
M,522.0
M,522.5
M,522.5
M,522.5
M,522.5
M,522.5
M,522.5
M,522.5
M,522.5
M,522.5
M,522.5
M,522.5
M,522.5
M,522.5
M,522.5
M,522.5
M,522.5
M,522.5
M,522.5
M,522.5
M,522.5
M,522.5
M,522.5
M,522.5
M,522.5
M,522.5
M,522.5
M,522.5
M,522.5
M,522.5
M,522.5
M,522.5
M,522.5
M,522.5
M,522.5
M,522.5
M,522.5
M,522.5
M,522.5
M,522.5
M,522.5
M,522.5
M,522.5
M,522.5
M,522.5
M,522.5
M,522.5
M,522.5
M,522.5
M,522.5
M,522.5
M,522.5
M,522.5
M,522.5
M,522.5
M,522.5
M,522.5
M,522.5
M,522.5
M,522.5
M,522.5
M,522.5
M,522.5
M,522.5
M,522.5
M,522.5
M,522.5
M,522.5
M,522.5
M,522.5
M,523.0
M,523.0
M,523.9
M,523.9
M,523.9
M,524.0
M,525.0
M,525.0
M,525.0
M,525.0
M,525.0
M,525.0
M,525.0
M,525.0
M,525.0
M,525.0
M,525.0
M,525.0
M,525.0
M,525.0
M,525.0
M,525.0
M,525.0
M,525.0
M,525.0
M,525.0
M,525.0
M,525.0
M,525.0
M,525.0
M,525.0
M,525.0
M,525.0
M,525.0
M,525.0
M,525.0
M,525.0
M,525.0
M,525.0
M,525.0
M,525.0
M,525.0
M,525.0
M,525.0
M,525.0
M,525.0
M,525.0
M,525.0
M,525.0
M,525.0
M,525.0
M,525.0
M,525.0
M,525.0
M,525.0
M,525.0
M,525.0
M,525.0
M,525.0
M,525.0
M,525.0
M,525.0
M,525.0
M,525.0
M,525.0
M,525.0
M,525.0
M,525.0
M,525.0
M,525.0
M,525.0
M,525.0
M,525.0
M,525.0
M,525.0
M,525.0
M,525.0
M,525.0
M,525.0
M,525.0
M,525.0
M,525.0
M,525.0
M,525.0
M,525.0
M,525.0
M,525.0
M,525.0
M,525.0
M,525.0
M,525.0
M,525.0
M,525.0
M,525.0
M,525.5
M,526.0
M,526.17
M,526.17
M,526.17
M,527.0
M,527.5
M,527.5
M,527.5
M,527.5
M,527.5
M,527.5
M,527.5
M,527.5
M,527.5
M,527.5
M,527.5
M,527.5
M,527.5
M,527.5
M,527.5
M,527.5
M,527.5
M,527.5
M,527.5
M,527.5
M,527.5
M,527.5
M,527.5
M,527.5
M,527.5
M,527.5
M,527.5
M,527.5
M,527.5
M,527.5
M,527.5
M,527.5
M,527.5
M,527.5
M,527.5
M,527.5
M,527.5
M,527.5
M,527.5
M,527.5
M,527.5
M,527.5
M,527.5
M,527.5
M,527.5
M,527.5
M,527.5
M,527.5
M,527.5
M,527.5
M,527.5
M,527.5
M,527.5
M,527.5
M,527.5
M,527.5
M,527.5
M,527.5
M,527.5
M,527.5
M,527.5
M,527.5
M,527.5
M,527.5
M,527.5
M,527.5
M,527.5
M,527.5
M,527.5
M,528.0
M,528.44
M,528.44
M,528.44
M,529.0
M,530.0
M,530.0
M,530.0
M,530.0
M,530.0
M,530.0
M,530.0
M,530.0
M,530.0
M,530.0
M,530.0
M,530.0
M,530.0
M,530.0
M,530.0
M,530.0
M,530.0
M,530.0
M,530.0
M,530.0
M,530.0
M,530.0
M,530.0
M,530.0
M,530.0
M,530.0
M,530.0
M,530.0
M,530.0
M,530.0
M,530.0
M,530.0
M,530.0
M,530.0
M,530.0
M,530.0
M,530.0
M,530.0
M,530.0
M,530.0
M,530.0
M,530.0
M,530.0
M,530.0
M,530.0
M,530.0
M,530.0
M,530.0
M,530.0
M,530.0
M,530.0
M,530.0
M,530.0
M,530.0
M,530.0
M,530.0
M,530.0
M,530.0
M,530.0
M,530.0
M,530.0
M,530.0
M,530.0
M,530.0
M,530.0
M,530.0
M,530.0
M,530.0
M,530.0
M,530.0
M,530.0
M,530.0
M,530.0
M,530.0
M,530.0
M,530.0
M,530.0
M,530.0
M,530.0
M,530.0
M,530.0
M,530.0
M,530.0
M,530.0
M,530.0
M,530.0
M,530.0
M,530.0
M,530.0
M,530.0
M,530.0
M,530.0
M,530.5
M,530.7
M,530.7
M,530.7
M,531.0
M,532.5
M,532.5
M,532.5
M,532.5
M,532.5
M,532.5
M,532.5
M,532.5
M,532.5
M,532.5
M,532.5
M,532.5
M,532.5
M,532.5
M,532.5
M,532.5
M,532.5
M,532.5
M,532.5
M,532.5
M,532.5
M,532.5
M,532.5
M,532.5
M,532.5
M,532.5
M,532.5
M,532.5
M,532.5
M,532.5
M,532.5
M,532.5
M,532.5
M,532.5
M,532.5
M,532.5
M,532.5
M,532.5
M,532.5
M,532.5
M,532.5
M,532.5
M,532.5
M,532.5
M,532.5
M,532.5
M,532.5
M,532.5
M,532.5
M,532.5
M,532.5
M,532.5
M,532.5
M,532.5
M,532.5
M,532.5
M,532.5
M,532.5
M,532.5
M,532.5
M,532.5
M,532.5
M,532.5
M,532.5
M,532.5
M,532.5
M,532.5
M,532.5
M,532.5
M,532.97
M,532.97
M,533.0
M,533.0
M,534.0
M,535.0
M,535.0
M,535.0
M,535.0
M,535.0
M,535.0
M,535.0
M,535.0
M,535.0
M,535.0
M,535.0
M,535.0
M,535.0
M,535.0
M,535.0
M,535.0
M,535.0
M,535.0
M,535.0
M,535.0
M,535.0
M,535.0
M,535.0
M,535.0
M,535.0
M,535.0
M,535.0
M,535.0
M,535.0
M,535.0
M,535.0
M,535.0
M,535.0
M,535.0
M,535.0
M,535.0
M,535.0
M,535.0
M,535.0
M,535.0
M,535.0
M,535.0
M,535.0
M,535.0
M,535.0
M,535.0
M,535.0
M,535.0
M,535.0
M,535.0
M,535.0
M,535.0
M,535.0
M,535.0
M,535.0
M,535.0
M,535.0
M,535.0
M,535.0
M,535.0
M,535.0
M,535.0
M,535.0
M,535.0
M,535.0
M,535.0
M,535.0
M,535.0
M,535.0
M,535.0
M,535.0
M,535.0
M,535.0
M,535.0
M,535.0
M,535.0
M,535.0
M,535.0
M,535.0
M,535.0
M,535.0
M,535.0
M,535.0
M,535.0
M,535.0
M,535.0
M,535.0
M,535.24
M,535.24
M,535.24
M,536.0
M,537.0
M,537.5
M,537.5
M,537.5
M,537.5
M,537.5
M,537.5
M,537.5
M,537.5
M,537.5
M,537.5
M,537.5
M,537.5
M,537.5
M,537.5
M,537.5
M,537.5
M,537.5
M,537.5
M,537.5
M,537.5
M,537.5
M,537.5
M,537.5
M,537.5
M,537.5
M,537.5
M,537.5
M,537.5
M,537.5
M,537.5
M,537.5
M,537.5
M,537.5
M,537.5
M,537.5
M,537.5
M,537.5
M,537.5
M,537.5
M,537.5
M,537.5
M,537.5
M,537.5
M,537.5
M,537.5
M,537.5
M,537.5
M,537.5
M,537.5
M,537.5
M,537.5
M,537.5
M,537.5
M,537.5
M,537.5
M,537.5
M,537.5
M,537.5
M,537.5
M,537.5
M,537.5
M,537.5
M,537.5
M,537.5
M,537.5
M,537.5
M,537.5
M,537.5
M,537.5
M,537.5
M,537.51
M,537.51
M,537.51
M,537.743546354645
M,538.0
M,539.32
M,539.77
M,539.77
M,540.0
M,540.0
M,540.0
M,540.0
M,540.0
M,540.0
M,540.0
M,540.0
M,540.0
M,540.0
M,540.0
M,540.0
M,540.0
M,540.0
M,540.0
M,540.0
M,540.0
M,540.0
M,540.0
M,540.0
M,540.0
M,540.0
M,540.0
M,540.0
M,540.0
M,540.0
M,540.0
M,540.0
M,540.0
M,540.0
M,540.0
M,540.0
M,540.0
M,540.0
M,540.0
M,540.0
M,540.0
M,540.0
M,540.0
M,540.0
M,540.0
M,540.0
M,540.0
M,540.0
M,540.0
M,540.0
M,540.0
M,540.0
M,540.0
M,540.0
M,540.0
M,540.0
M,540.0
M,540.0
M,540.0
M,540.0
M,540.0
M,540.0
M,540.0
M,540.0
M,540.0
M,540.0
M,540.0
M,540.0
M,540.0
M,540.0
M,540.0
M,540.0
M,540.0
M,540.0
M,540.0
M,540.0
M,540.0
M,540.0
M,540.0
M,540.0
M,540.0
M,540.0
M,540.0
M,540.0
M,540.0
M,540.0
M,540.0
M,540.0
M,540.0
M,540.0
M,540.0
M,540.0
M,540.0
M,540.0
M,540.0
M,540.5
M,541.0
M,542.0
M,542.04
M,542.04
M,542.5
M,542.5
M,542.5
M,542.5
M,542.5
M,542.5
M,542.5
M,542.5
M,542.5
M,542.5
M,542.5
M,542.5
M,542.5
M,542.5
M,542.5
M,542.5
M,542.5
M,542.5
M,542.5
M,542.5
M,542.5
M,542.5
M,542.5
M,542.5
M,542.5
M,542.5
M,542.5
M,542.5
M,542.5
M,542.5
M,542.5
M,542.5
M,542.5
M,542.5
M,542.5
M,542.5
M,542.5
M,542.5
M,542.5
M,542.5
M,542.5
M,542.5
M,542.5
M,542.5
M,542.5
M,542.5
M,542.5
M,542.5
M,542.5
M,542.5
M,542.5
M,542.5
M,542.5
M,542.5
M,542.5
M,542.5
M,542.5
M,542.5
M,542.5
M,542.5
M,542.5
M,542.5
M,542.5
M,542.5
M,542.5
M,542.5
M,542.5
M,543.0
M,544.2102610261237
M,544.31
M,544.31
M,544.31
M,544.31
M,545.0
M,545.0
M,545.0
M,545.0
M,545.0
M,545.0
M,545.0
M,545.0
M,545.0
M,545.0
M,545.0
M,545.0
M,545.0
M,545.0
M,545.0
M,545.0
M,545.0
M,545.0
M,545.0
M,545.0
M,545.0
M,545.0
M,545.0
M,545.0
M,545.0
M,545.0
M,545.0
M,545.0
M,545.0
M,545.0
M,545.0
M,545.0
M,545.0
M,545.0
M,545.0
M,545.0
M,545.0
M,545.0
M,545.0
M,545.0
M,545.0
M,545.0
M,545.0
M,545.0
M,545.0
M,545.0
M,545.0
M,545.0
M,545.0
M,545.0
M,545.0
M,545.0
M,545.0
M,545.0
M,545.0
M,545.0
M,545.0
M,545.0
M,545.0
M,545.0
M,545.0
M,545.0
M,545.0
M,545.0
M,545.0
M,545.0
M,545.0
M,545.0
M,545.0
M,545.0
M,545.0
M,545.0
M,545.0
M,545.0
M,545.0
M,545.0
M,545.0
M,545.0
M,545.0
M,545.0
M,545.0
M,545.0
M,545.0
M,545.0
M,545.0
M,545.0
M,545.0
M,545.0
M,545.0
M,545.0
M,545.0
M,545.0
M,545.5
M,546.0
M,546.58
M,546.58
M,546.58
M,547.0
M,547.5
M,547.5
M,547.5
M,547.5
M,547.5
M,547.5
M,547.5
M,547.5
M,547.5
M,547.5
M,547.5
M,547.5
M,547.5
M,547.5
M,547.5
M,547.5
M,547.5
M,547.5
M,547.5
M,547.5
M,547.5
M,547.5
M,547.5
M,547.5
M,547.5
M,547.5
M,547.5
M,547.5
M,547.5
M,547.5
M,547.5
M,547.5
M,547.5
M,547.5
M,547.5
M,547.5
M,547.5
M,547.5
M,547.5
M,547.5
M,547.5
M,547.5
M,547.5
M,547.5
M,547.5
M,547.5
M,547.5
M,547.5
M,547.5
M,547.5
M,547.5
M,547.5
M,547.5
M,547.5
M,547.5
M,547.5
M,547.5
M,547.5
M,547.5
M,547.5
M,547.5
M,547.5
M,547.5
M,547.5
M,547.5
M,547.5
M,547.5
M,547.5
M,547.5
M,547.5
M,547.5
M,548.0
M,548.0
M,548.85
M,548.85
M,549.0
M,550.0
M,550.0
M,550.0
M,550.0
M,550.0
M,550.0
M,550.0
M,550.0
M,550.0
M,550.0
M,550.0
M,550.0
M,550.0
M,550.0
M,550.0
M,550.0
M,550.0
M,550.0
M,550.0
M,550.0
M,550.0
M,550.0
M,550.0
M,550.0
M,550.0
M,550.0
M,550.0
M,550.0
M,550.0
M,550.0
M,550.0
M,550.0
M,550.0
M,550.0
M,550.0
M,550.0
M,550.0
M,550.0
M,550.0
M,550.0
M,550.0
M,550.0
M,550.0
M,550.0
M,550.0
M,550.0
M,550.0
M,550.0
M,550.0
M,550.0
M,550.0
M,550.0
M,550.0
M,550.0
M,550.0
M,550.0
M,550.0
M,550.0
M,550.0
M,550.0
M,550.0
M,550.0
M,550.0
M,550.0
M,550.0
M,550.0
M,550.0
M,550.0
M,550.0
M,550.0
M,550.0
M,550.0
M,550.0
M,550.0
M,550.0
M,550.0
M,550.0
M,550.0
M,550.0
M,550.0
M,550.0
M,550.0
M,550.0
M,550.0
M,550.0
M,550.0
M,550.0
M,550.0
M,550.0
M,550.0
M,550.0
M,550.0
M,550.0
M,550.0
M,550.5
M,551.0
M,551.11
M,551.11
M,551.11
M,552.0
M,552.5
M,552.5
M,552.5
M,552.5
M,552.5
M,552.5
M,552.5
M,552.5
M,552.5
M,552.5
M,552.5
M,552.5
M,552.5
M,552.5
M,552.5
M,552.5
M,552.5
M,552.5
M,552.5
M,552.5
M,552.5
M,552.5
M,552.5
M,552.5
M,552.5
M,552.5
M,552.5
M,552.5
M,552.5
M,552.5
M,552.5
M,552.5
M,552.5
M,552.5
M,552.5
M,552.5
M,552.5
M,552.5
M,552.5
M,552.5
M,552.5
M,552.5
M,552.5
M,552.5
M,552.5
M,552.5
M,552.5
M,552.5
M,552.5
M,552.5
M,552.5
M,552.5
M,552.5
M,552.5
M,552.5
M,552.5
M,552.5
M,552.5
M,552.5
M,552.5
M,552.5
M,552.5
M,552.5
M,552.5
M,552.5
M,552.5
M,552.5
M,552.5
M,552.5
M,553.0
M,553.38
M,553.38
M,553.38
M,554.0
M,555.0
M,555.0
M,555.0
M,555.0
M,555.0
M,555.0
M,555.0
M,555.0
M,555.0
M,555.0
M,555.0
M,555.0
M,555.0
M,555.0
M,555.0
M,555.0
M,555.0
M,555.0
M,555.0
M,555.0
M,555.0
M,555.0
M,555.0
M,555.0
M,555.0
M,555.0
M,555.0
M,555.0
M,555.0
M,555.0
M,555.0
M,555.0
M,555.0
M,555.0
M,555.0
M,555.0
M,555.0
M,555.0
M,555.0
M,555.0
M,555.0
M,555.0
M,555.0
M,555.0
M,555.0
M,555.0
M,555.0
M,555.0
M,555.0
M,555.0
M,555.0
M,555.0
M,555.0
M,555.0
M,555.0
M,555.0
M,555.0
M,555.0
M,555.0
M,555.0
M,555.0
M,555.0
M,555.0
M,555.0
M,555.0
M,555.0
M,555.0
M,555.0
M,555.0
M,555.0
M,555.0
M,555.0
M,555.0
M,555.0
M,555.0
M,555.0
M,555.0
M,555.0
M,555.0
M,555.0
M,555.0
M,555.0
M,555.0
M,555.0
M,555.0
M,555.0
M,555.65
M,555.65
M,555.65
M,556.0
M,556.6518811881145
M,557.5
M,557.5
M,557.5
M,557.5
M,557.5
M,557.5
M,557.5
M,557.5
M,557.5
M,557.5
M,557.5
M,557.5
M,557.5
M,557.5
M,557.5
M,557.5
M,557.5
M,557.5
M,557.5
M,557.5
M,557.5
M,557.5
M,557.5
M,557.5
M,557.5
M,557.5
M,557.5
M,557.5
M,557.5
M,557.5
M,557.5
M,557.5
M,557.5
M,557.5
M,557.5
M,557.5
M,557.5
M,557.5
M,557.5
M,557.5
M,557.5
M,557.5
M,557.5
M,557.5
M,557.5
M,557.5
M,557.5
M,557.5
M,557.5
M,557.5
M,557.5
M,557.5
M,557.5
M,557.5
M,557.5
M,557.5
M,557.5
M,557.5
M,557.5
M,557.5
M,557.5
M,557.5
M,557.5
M,557.5
M,557.5
M,557.5
M,557.92
M,557.92
M,557.92
M,558.0
M,559.0
M,560.0
M,560.0
M,560.0
M,560.0
M,560.0
M,560.0
M,560.0
M,560.0
M,560.0
M,560.0
M,560.0
M,560.0
M,560.0
M,560.0
M,560.0
M,560.0
M,560.0
M,560.0
M,560.0
M,560.0
M,560.0
M,560.0
M,560.0
M,560.0
M,560.0
M,560.0
M,560.0
M,560.0
M,560.0
M,560.0
M,560.0
M,560.0
M,560.0
M,560.0
M,560.0
M,560.0
M,560.0
M,560.0
M,560.0
M,560.0
M,560.0
M,560.0
M,560.0
M,560.0
M,560.0
M,560.0
M,560.0
M,560.0
M,560.0
M,560.0
M,560.0
M,560.0
M,560.0
M,560.0
M,560.0
M,560.0
M,560.0
M,560.0
M,560.0
M,560.0
M,560.0
M,560.0
M,560.0
M,560.0
M,560.0
M,560.0
M,560.0
M,560.0
M,560.0
M,560.0
M,560.0
M,560.0
M,560.0
M,560.0
M,560.0
M,560.0
M,560.0
M,560.0
M,560.0
M,560.0
M,560.0
M,560.0
M,560.0
M,560.0
M,560.0
M,560.0
M,560.0
M,560.0
M,560.0
M,560.0
M,560.0
M,560.19
M,560.19
M,560.5
M,561.0
M,562.0
M,562.45
M,562.45
M,562.5
M,562.5
M,562.5
M,562.5
M,562.5
M,562.5
M,562.5
M,562.5
M,562.5
M,562.5
M,562.5
M,562.5
M,562.5
M,562.5
M,562.5
M,562.5
M,562.5
M,562.5
M,562.5
M,562.5
M,562.5
M,562.5
M,562.5
M,562.5
M,562.5
M,562.5
M,562.5
M,562.5
M,562.5
M,562.5
M,562.5
M,562.5
M,562.5
M,562.5
M,562.5
M,562.5
M,562.5
M,562.5
M,562.5
M,562.5
M,562.5
M,562.5
M,562.5
M,562.5
M,562.5
M,562.5
M,562.5
M,562.5
M,562.5
M,562.5
M,562.5
M,562.5
M,562.5
M,562.5
M,562.5
M,562.5
M,562.5
M,562.5
M,562.5
M,562.5
M,562.5
M,562.5
M,562.5
M,562.5
M,562.5
M,562.5
M,562.5
M,562.5
M,563.0
M,563.5
M,564.27
M,564.72
M,564.72
M,565.0
M,565.0
M,565.0
M,565.0
M,565.0
M,565.0
M,565.0
M,565.0
M,565.0
M,565.0
M,565.0
M,565.0
M,565.0
M,565.0
M,565.0
M,565.0
M,565.0
M,565.0
M,565.0
M,565.0
M,565.0
M,565.0
M,565.0
M,565.0
M,565.0
M,565.0
M,565.0
M,565.0
M,565.0
M,565.0
M,565.0
M,565.0
M,565.0
M,565.0
M,565.0
M,565.0
M,565.0
M,565.0
M,565.0
M,565.0
M,565.0
M,565.0
M,565.0
M,565.0
M,565.0
M,565.0
M,565.0
M,565.0
M,565.0
M,565.0
M,565.0
M,565.0
M,565.0
M,565.0
M,565.0
M,565.0
M,565.0
M,565.0
M,565.0
M,565.0
M,565.0
M,565.0
M,565.0
M,565.0
M,565.0
M,565.0
M,565.0
M,565.0
M,565.0
M,565.0
M,565.0
M,565.0
M,565.0
M,565.0
M,565.0
M,565.0
M,565.0
M,565.0
M,565.0
M,565.0
M,565.0
M,565.0
M,565.5
M,566.0
M,566.99
M,566.99
M,566.99
M,567.0
M,567.5
M,567.5
M,567.5
M,567.5
M,567.5
M,567.5
M,567.5
M,567.5
M,567.5
M,567.5
M,567.5
M,567.5
M,567.5
M,567.5
M,567.5
M,567.5
M,567.5
M,567.5
M,567.5
M,567.5
M,567.5
M,567.5
M,567.5
M,567.5
M,567.5
M,567.5
M,567.5
M,567.5
M,567.5
M,567.5
M,567.5
M,567.5
M,567.5
M,567.5
M,567.5
M,567.5
M,567.5
M,567.5
M,567.5
M,567.5
M,567.5
M,567.5
M,567.5
M,567.5
M,567.5
M,567.5
M,567.5
M,567.5
M,567.5
M,567.5
M,567.5
M,567.5
M,567.5
M,567.5
M,567.5
M,567.5
M,567.5
M,567.5
M,567.5
M,567.5
M,567.5
M,567.5
M,567.5
M,567.5
M,567.5
M,567.5
M,567.5
M,568.0
M,568.5
M,569.26
M,569.26
M,569.26
M,570.0
M,570.0
M,570.0
M,570.0
M,570.0
M,570.0
M,570.0
M,570.0
M,570.0
M,570.0
M,570.0
M,570.0
M,570.0
M,570.0
M,570.0
M,570.0
M,570.0
M,570.0
M,570.0
M,570.0
M,570.0
M,570.0
M,570.0
M,570.0
M,570.0
M,570.0
M,570.0
M,570.0
M,570.0
M,570.0
M,570.0
M,570.0
M,570.0
M,570.0
M,570.0
M,570.0
M,570.0
M,570.0
M,570.0
M,570.0
M,570.0
M,570.0
M,570.0
M,570.0
M,570.0
M,570.0
M,570.0
M,570.0
M,570.0
M,570.0
M,570.0
M,570.0
M,570.0
M,570.0
M,570.0
M,570.0
M,570.0
M,570.0
M,570.0
M,570.0
M,570.0
M,570.0
M,570.0
M,570.0
M,570.0
M,570.0
M,570.0
M,570.0
M,570.0
M,570.0
M,570.0
M,570.0
M,570.0
M,570.0
M,570.0
M,570.0
M,570.0
M,570.0
M,570.0
M,570.0
M,570.0
M,570.0
M,570.0
M,570.0
M,570.0
M,570.0
M,570.0
M,570.0
M,570.5
M,571.5
M,571.53
M,571.53
M,572.0
M,572.5
M,572.5
M,572.5
M,572.5
M,572.5
M,572.5
M,572.5
M,572.5
M,572.5
M,572.5
M,572.5
M,572.5
M,572.5
M,572.5
M,572.5
M,572.5
M,572.5
M,572.5
M,572.5
M,572.5
M,572.5
M,572.5
M,572.5
M,572.5
M,572.5
M,572.5
M,572.5
M,572.5
M,572.5
M,572.5
M,572.5
M,572.5
M,572.5
M,572.5
M,572.5
M,572.5
M,572.5
M,572.5
M,572.5
M,572.5
M,572.5
M,572.5
M,572.5
M,572.5
M,572.5
M,572.5
M,572.5
M,572.5
M,572.5
M,572.5
M,572.5
M,572.5
M,572.5
M,572.5
M,572.5
M,572.5
M,572.5
M,572.5
M,572.5
M,572.5
M,572.5
M,572.5
M,572.5
M,572.5
M,572.5
M,572.5
M,573.0
M,573.34
M,573.79
M,573.79
M,574.0
M,575.0
M,575.0
M,575.0
M,575.0
M,575.0
M,575.0
M,575.0
M,575.0
M,575.0
M,575.0
M,575.0
M,575.0
M,575.0
M,575.0
M,575.0
M,575.0
M,575.0
M,575.0
M,575.0
M,575.0
M,575.0
M,575.0
M,575.0
M,575.0
M,575.0
M,575.0
M,575.0
M,575.0
M,575.0
M,575.0
M,575.0
M,575.0
M,575.0
M,575.0
M,575.0
M,575.0
M,575.0
M,575.0
M,575.0
M,575.0
M,575.0
M,575.0
M,575.0
M,575.0
M,575.0
M,575.0
M,575.0
M,575.0
M,575.0
M,575.0
M,575.0
M,575.0
M,575.0
M,575.0
M,575.0
M,575.0
M,575.0
M,575.0
M,575.0
M,575.0
M,575.0
M,575.0
M,575.0
M,575.0
M,575.0
M,575.0
M,575.0
M,575.0
M,575.0
M,575.0
M,575.0
M,575.0
M,575.0
M,575.0
M,575.0
M,575.0
M,575.0
M,575.0
M,575.0
M,575.0
M,575.0
M,575.0
M,575.0
M,575.5
M,576.0
M,576.06
M,576.06
M,577.0
M,577.5
M,577.5
M,577.5
M,577.5
M,577.5
M,577.5
M,577.5
M,577.5
M,577.5
M,577.5
M,577.5
M,577.5
M,577.5
M,577.5
M,577.5
M,577.5
M,577.5
M,577.5
M,577.5
M,577.5
M,577.5
M,577.5
M,577.5
M,577.5
M,577.5
M,577.5
M,577.5
M,577.5
M,577.5
M,577.5
M,577.5
M,577.5
M,577.5
M,577.5
M,577.5
M,577.5
M,577.5
M,577.5
M,577.5
M,577.5
M,577.5
M,577.5
M,577.5
M,577.5
M,577.5
M,577.5
M,577.5
M,577.5
M,577.5
M,577.5
M,577.5
M,577.5
M,577.5
M,577.5
M,577.5
M,577.5
M,577.5
M,577.5
M,577.5
M,577.5
M,577.5
M,577.5
M,577.5
M,577.5
M,577.5
M,577.5
M,578.0
M,578.33
M,578.33
M,578.5
M,580.0
M,580.0
M,580.0
M,580.0
M,580.0
M,580.0
M,580.0
M,580.0
M,580.0
M,580.0
M,580.0
M,580.0
M,580.0
M,580.0
M,580.0
M,580.0
M,580.0
M,580.0
M,580.0
M,580.0
M,580.0
M,580.0
M,580.0
M,580.0
M,580.0
M,580.0
M,580.0
M,580.0
M,580.0
M,580.0
M,580.0
M,580.0
M,580.0
M,580.0
M,580.0
M,580.0
M,580.0
M,580.0
M,580.0
M,580.0
M,580.0
M,580.0
M,580.0
M,580.0
M,580.0
M,580.0
M,580.0
M,580.0
M,580.0
M,580.0
M,580.0
M,580.0
M,580.0
M,580.0
M,580.0
M,580.0
M,580.0
M,580.0
M,580.0
M,580.0
M,580.0
M,580.0
M,580.0
M,580.0
M,580.0
M,580.0
M,580.0
M,580.0
M,580.0
M,580.0
M,580.0
M,580.0
M,580.0
M,580.0
M,580.0
M,580.0
M,580.0
M,580.0
M,580.0
M,580.0
M,580.0
M,580.0
M,580.0
M,580.0
M,580.0
M,580.0
M,580.0
M,580.0
M,580.5
M,580.6
M,580.6
M,581.0
M,582.0
M,582.5
M,582.5
M,582.5
M,582.5
M,582.5
M,582.5
M,582.5
M,582.5
M,582.5
M,582.5
M,582.5
M,582.5
M,582.5
M,582.5
M,582.5
M,582.5
M,582.5
M,582.5
M,582.5
M,582.5
M,582.5
M,582.5
M,582.5
M,582.5
M,582.5
M,582.5
M,582.5
M,582.5
M,582.5
M,582.5
M,582.5
M,582.5
M,582.5
M,582.5
M,582.5
M,582.5
M,582.5
M,582.5
M,582.5
M,582.5
M,582.5
M,582.5
M,582.5
M,582.5
M,582.5
M,582.5
M,582.5
M,582.5
M,582.5
M,582.5
M,582.5
M,582.5
M,582.5
M,582.5
M,582.5
M,582.5
M,582.5
M,582.5
M,582.5
M,582.5
M,582.5
M,582.5
M,582.5
M,582.5
M,582.87
M,582.87
M,583.0
M,583.5
M,585.0
M,585.0
M,585.0
M,585.0
M,585.0
M,585.0
M,585.0
M,585.0
M,585.0
M,585.0
M,585.0
M,585.0
M,585.0
M,585.0
M,585.0
M,585.0
M,585.0
M,585.0
M,585.0
M,585.0
M,585.0
M,585.0
M,585.0
M,585.0
M,585.0
M,585.0
M,585.0
M,585.0
M,585.0
M,585.0
M,585.0
M,585.0
M,585.0
M,585.0
M,585.0
M,585.0
M,585.0
M,585.0
M,585.0
M,585.0
M,585.0
M,585.0
M,585.0
M,585.0
M,585.0
M,585.0
M,585.0
M,585.0
M,585.0
M,585.0
M,585.0
M,585.0
M,585.0
M,585.0
M,585.0
M,585.0
M,585.0
M,585.0
M,585.0
M,585.0
M,585.0
M,585.0
M,585.0
M,585.0
M,585.0
M,585.0
M,585.0
M,585.0
M,585.0
M,585.0
M,585.0
M,585.0
M,585.0
M,585.0
M,585.0
M,585.0
M,585.0
M,585.0
M,585.13
M,585.13
M,585.5
M,586.0
M,587.0
M,587.4
M,587.5
M,587.5
M,587.5
M,587.5
M,587.5
M,587.5
M,587.5
M,587.5
M,587.5
M,587.5
M,587.5
M,587.5
M,587.5
M,587.5
M,587.5
M,587.5
M,587.5
M,587.5
M,587.5
M,587.5
M,587.5
M,587.5
M,587.5
M,587.5
M,587.5
M,587.5
M,587.5
M,587.5
M,587.5
M,587.5
M,587.5
M,587.5
M,587.5
M,587.5
M,587.5
M,587.5
M,587.5
M,587.5
M,587.5
M,587.5
M,587.5
M,587.5
M,587.5
M,587.5
M,587.5
M,587.5
M,587.5
M,587.5
M,587.5
M,587.5
M,587.5
M,587.5
M,587.5
M,587.5
M,587.5
M,587.5
M,587.5
M,587.5
M,587.5
M,587.5345994599489
M,588.0
M,589.0
M,589.67
M,589.67
M,589.67
M,590.0
M,590.0
M,590.0
M,590.0
M,590.0
M,590.0
M,590.0
M,590.0
M,590.0
M,590.0
M,590.0
M,590.0
M,590.0
M,590.0
M,590.0
M,590.0
M,590.0
M,590.0
M,590.0
M,590.0
M,590.0
M,590.0
M,590.0
M,590.0
M,590.0
M,590.0
M,590.0
M,590.0
M,590.0
M,590.0
M,590.0
M,590.0
M,590.0
M,590.0
M,590.0
M,590.0
M,590.0
M,590.0
M,590.0
M,590.0
M,590.0
M,590.0
M,590.0
M,590.0
M,590.0
M,590.0
M,590.0
M,590.0
M,590.0
M,590.0
M,590.0
M,590.0
M,590.0
M,590.0
M,590.0
M,590.0
M,590.0
M,590.0
M,590.0
M,590.0
M,590.0
M,590.0
M,590.0
M,590.0
M,590.0
M,590.0
M,590.0
M,590.0
M,590.0
M,590.0
M,590.0
M,590.0
M,590.0
M,590.0
M,590.0
M,590.0
M,590.0
M,590.0
M,590.0
M,590.0
M,590.0
M,590.0
M,590.0
M,590.0
M,590.0
M,590.0
M,590.5
M,591.0
M,591.5
M,591.94
M,591.94
M,592.5
M,592.5
M,592.5
M,592.5
M,592.5
M,592.5
M,592.5
M,592.5
M,592.5
M,592.5
M,592.5
M,592.5
M,592.5
M,592.5
M,592.5
M,592.5
M,592.5
M,592.5
M,592.5
M,592.5
M,592.5
M,592.5
M,592.5
M,592.5
M,592.5
M,592.5
M,592.5
M,592.5
M,592.5
M,592.5
M,592.5
M,592.5
M,592.5
M,592.5
M,592.5
M,592.5
M,592.5
M,592.5
M,592.5
M,592.5
M,592.5
M,592.5
M,592.5
M,592.5
M,592.5
M,592.5
M,592.5
M,592.5
M,592.5
M,592.5
M,592.5
M,592.5
M,592.5
M,592.5
M,592.5
M,592.5
M,592.5
M,592.5
M,592.5
M,592.5
M,592.5
M,592.5
M,593.0
M,594.2
M,594.21
M,595.0
M,595.0
M,595.0
M,595.0
M,595.0
M,595.0
M,595.0
M,595.0
M,595.0
M,595.0
M,595.0
M,595.0
M,595.0
M,595.0
M,595.0
M,595.0
M,595.0
M,595.0
M,595.0
M,595.0
M,595.0
M,595.0
M,595.0
M,595.0
M,595.0
M,595.0
M,595.0
M,595.0
M,595.0
M,595.0
M,595.0
M,595.0
M,595.0
M,595.0
M,595.0
M,595.0
M,595.0
M,595.0
M,595.0
M,595.0
M,595.0
M,595.0
M,595.0
M,595.0
M,595.0
M,595.0
M,595.0
M,595.0
M,595.0
M,595.0
M,595.0
M,595.0
M,595.0
M,595.0
M,595.0
M,595.0
M,595.0
M,595.0
M,595.0
M,595.0
M,595.0
M,595.0
M,595.0
M,595.0
M,595.0
M,595.0
M,595.0
M,595.0
M,595.5
M,596.0
M,596.47
M,596.47
M,597.5
M,597.5
M,597.5
M,597.5
M,597.5
M,597.5
M,597.5
M,597.5
M,597.5
M,597.5
M,597.5
M,597.5
M,597.5
M,597.5
M,597.5
M,597.5
M,597.5
M,597.5
M,597.5
M,597.5
M,597.5
M,597.5
M,597.5
M,597.5
M,597.5
M,597.5
M,597.5
M,597.5
M,597.5
M,597.5
M,597.5
M,597.5
M,597.5
M,597.5
M,597.5
M,597.5
M,597.5
M,597.5
M,597.5
M,597.5
M,597.5
M,597.5
M,597.5
M,597.5
M,597.5
M,597.5
M,597.5
M,597.5
M,597.5
M,597.5
M,597.5
M,597.5
M,597.5
M,597.5
M,598.0
M,598.74
M,598.74
M,600.0
M,600.0
M,600.0
M,600.0
M,600.0
M,600.0
M,600.0
M,600.0
M,600.0
M,600.0
M,600.0
M,600.0
M,600.0
M,600.0
M,600.0
M,600.0
M,600.0
M,600.0
M,600.0
M,600.0
M,600.0
M,600.0
M,600.0
M,600.0
M,600.0
M,600.0
M,600.0
M,600.0
M,600.0
M,600.0
M,600.0
M,600.0
M,600.0
M,600.0
M,600.0
M,600.0
M,600.0
M,600.0
M,600.0
M,600.0
M,600.0
M,600.0
M,600.0
M,600.0
M,600.0
M,600.0
M,600.0
M,600.0
M,600.0
M,600.0
M,600.0
M,600.0
M,600.0
M,600.0
M,600.0
M,600.0
M,600.0
M,600.0
M,600.0
M,600.0
M,600.0
M,600.0
M,600.0
M,600.0
M,600.0
M,600.0
M,600.0
M,600.0
M,600.0
M,600.0
M,600.0
M,600.0
M,600.0
M,600.0
M,600.0
M,600.0
M,600.0
M,600.0
M,600.0
M,600.0
M,600.0
M,600.0
M,600.0
M,600.0
M,600.0
M,600.0
M,600.0
M,600.0
M,600.0
M,600.0
M,600.0
M,600.0
M,600.0
M,600.0
M,600.0
M,600.0
M,600.0
M,600.0
M,600.0
M,600.0
M,600.0
M,600.0
M,600.5
M,601.0
M,601.01
M,601.01
M,601.5
M,602.5
M,602.5
M,602.5
M,602.5
M,602.5
M,602.5
M,602.5
M,602.5
M,602.5
M,602.5
M,602.5
M,602.5
M,602.5
M,602.5
M,602.5
M,602.5
M,602.5
M,602.5
M,602.5
M,602.5
M,602.5
M,602.5
M,602.5
M,602.5
M,602.5
M,602.5
M,602.5
M,602.5
M,602.5
M,602.5
M,602.5
M,602.5
M,602.5
M,602.5
M,602.5
M,602.5
M,602.5
M,602.5
M,602.5
M,602.5
M,602.5
M,602.5
M,602.5
M,602.5
M,602.5
M,602.5
M,602.5
M,602.5
M,602.5
M,602.5
M,602.5
M,602.5
M,602.5
M,602.5
M,602.5
M,602.5
M,602.5
M,602.5
M,603.0
M,603.0
M,603.28
M,603.3047254725475
M,605.0
M,605.0
M,605.0
M,605.0
M,605.0
M,605.0
M,605.0
M,605.0
M,605.0
M,605.0
M,605.0
M,605.0
M,605.0
M,605.0
M,605.0
M,605.0
M,605.0
M,605.0
M,605.0
M,605.0
M,605.0
M,605.0
M,605.0
M,605.0
M,605.0
M,605.0
M,605.0
M,605.0
M,605.0
M,605.0
M,605.0
M,605.0
M,605.0
M,605.0
M,605.0
M,605.0
M,605.0
M,605.0
M,605.0
M,605.0
M,605.0
M,605.0
M,605.0
M,605.0
M,605.0
M,605.0
M,605.0
M,605.0
M,605.0
M,605.0
M,605.0
M,605.0
M,605.0
M,605.0
M,605.0
M,605.0
M,605.0
M,605.0
M,605.0
M,605.0
M,605.0
M,605.0
M,605.0
M,605.0
M,605.0
M,605.0
M,605.0
M,605.0
M,605.0
M,605.09
M,605.5265826582653
M,605.55
M,606.0
M,607.0
M,607.5
M,607.5
M,607.5
M,607.5
M,607.5
M,607.5
M,607.5
M,607.5
M,607.5
M,607.5
M,607.5
M,607.5
M,607.5
M,607.5
M,607.5
M,607.5
M,607.5
M,607.5
M,607.5
M,607.5
M,607.5
M,607.5
M,607.5
M,607.5
M,607.5
M,607.5
M,607.5
M,607.5
M,607.5
M,607.5
M,607.5
M,607.5
M,607.5
M,607.5
M,607.5
M,607.5
M,607.5
M,607.5
M,607.5
M,607.5
M,607.5
M,607.5
M,607.5
M,607.5
M,607.5
M,607.5
M,607.5
M,607.5
M,607.5
M,607.5
M,607.5
M,607.5
M,607.5
M,607.5
M,607.5
M,607.5
M,607.5
M,607.5
M,607.7550555055553
M,607.81
M,608.0
M,608.5
M,610.0
M,610.0
M,610.0
M,610.0
M,610.0
M,610.0
M,610.0
M,610.0
M,610.0
M,610.0
M,610.0
M,610.0
M,610.0
M,610.0
M,610.0
M,610.0
M,610.0
M,610.0
M,610.0
M,610.0
M,610.0
M,610.0
M,610.0
M,610.0
M,610.0
M,610.0
M,610.0
M,610.0
M,610.0
M,610.0
M,610.0
M,610.0
M,610.0
M,610.0
M,610.0
M,610.0
M,610.0
M,610.0
M,610.0
M,610.0
M,610.0
M,610.0
M,610.0
M,610.0
M,610.0
M,610.0
M,610.0
M,610.0
M,610.0
M,610.0
M,610.0
M,610.0
M,610.0
M,610.0
M,610.0
M,610.0
M,610.0
M,610.0
M,610.0
M,610.0
M,610.0
M,610.0
M,610.0
M,610.0
M,610.0
M,610.0
M,610.0
M,610.0
M,610.0
M,610.0
M,610.0
M,610.0
M,610.0
M,610.0
M,610.0
M,610.0
M,610.0
M,610.08
M,610.5
M,611.0
M,612.0
M,612.35
M,612.35
M,612.5
M,612.5
M,612.5
M,612.5
M,612.5
M,612.5
M,612.5
M,612.5
M,612.5
M,612.5
M,612.5
M,612.5
M,612.5
M,612.5
M,612.5
M,612.5
M,612.5
M,612.5
M,612.5
M,612.5
M,612.5
M,612.5
M,612.5
M,612.5
M,612.5
M,612.5
M,612.5
M,612.5
M,612.5
M,612.5
M,612.5
M,612.5
M,612.5
M,612.5
M,612.5
M,612.5
M,612.5
M,612.5
M,612.5
M,612.5
M,612.5
M,612.5
M,612.5
M,612.5
M,612.5
M,612.5
M,612.5
M,612.5
M,612.5
M,612.5
M,612.5
M,612.5
M,612.5
M,612.5
M,612.5
M,612.5
M,612.5
M,612.5
M,613.0
M,613.0
M,614.62
M,614.62
M,615.0
M,615.0
M,615.0
M,615.0
M,615.0
M,615.0
M,615.0
M,615.0
M,615.0
M,615.0
M,615.0
M,615.0
M,615.0
M,615.0
M,615.0
M,615.0
M,615.0
M,615.0
M,615.0
M,615.0
M,615.0
M,615.0
M,615.0
M,615.0
M,615.0
M,615.0
M,615.0
M,615.0
M,615.0
M,615.0
M,615.0
M,615.0
M,615.0
M,615.0
M,615.0
M,615.0
M,615.0
M,615.0
M,615.0
M,615.0
M,615.0
M,615.0
M,615.0
M,615.0
M,615.0
M,615.0
M,615.0
M,615.0
M,615.0
M,615.0
M,615.0
M,615.0
M,615.0
M,615.0
M,615.0
M,615.0
M,615.0
M,615.0
M,615.0
M,615.0
M,615.0
M,615.0
M,615.0
M,615.0
M,615.0
M,615.0
M,615.0
M,615.0
M,615.0
M,615.0
M,615.5
M,616.0
M,616.89
M,617.0
M,617.5
M,617.5
M,617.5
M,617.5
M,617.5
M,617.5
M,617.5
M,617.5
M,617.5
M,617.5
M,617.5
M,617.5
M,617.5
M,617.5
M,617.5
M,617.5
M,617.5
M,617.5
M,617.5
M,617.5
M,617.5
M,617.5
M,617.5
M,617.5
M,617.5
M,617.5
M,617.5
M,617.5
M,617.5
M,617.5
M,617.5
M,617.5
M,617.5
M,617.5
M,617.5
M,617.5
M,617.5
M,617.5
M,617.5
M,617.5
M,617.5
M,617.5
M,617.5
M,617.5
M,617.5
M,617.5
M,617.5
M,617.5
M,617.5
M,617.5
M,617.5
M,617.5
M,617.5
M,617.5
M,617.5
M,618.0
M,618.5
M,619.15
M,619.15
M,620.0
M,620.0
M,620.0
M,620.0
M,620.0
M,620.0
M,620.0
M,620.0
M,620.0
M,620.0
M,620.0
M,620.0
M,620.0
M,620.0
M,620.0
M,620.0
M,620.0
M,620.0
M,620.0
M,620.0
M,620.0
M,620.0
M,620.0
M,620.0
M,620.0
M,620.0
M,620.0
M,620.0
M,620.0
M,620.0
M,620.0
M,620.0
M,620.0
M,620.0
M,620.0
M,620.0
M,620.0
M,620.0
M,620.0
M,620.0
M,620.0
M,620.0
M,620.0
M,620.0
M,620.0
M,620.0
M,620.0
M,620.0
M,620.0
M,620.0
M,620.0
M,620.0
M,620.0
M,620.0
M,620.0
M,620.0
M,620.0
M,620.0
M,620.0
M,620.0
M,620.0
M,620.0
M,620.0
M,620.0
M,620.0
M,620.0
M,620.0
M,620.0
M,620.0
M,620.0
M,620.0
M,620.0
M,620.5
M,621.42
M,621.42
M,622.5
M,622.5
M,622.5
M,622.5
M,622.5
M,622.5
M,622.5
M,622.5
M,622.5
M,622.5
M,622.5
M,622.5
M,622.5
M,622.5
M,622.5
M,622.5
M,622.5
M,622.5
M,622.5
M,622.5
M,622.5
M,622.5
M,622.5
M,622.5
M,622.5
M,622.5
M,622.5
M,622.5
M,622.5
M,622.5
M,622.5
M,622.5
M,622.5
M,622.5
M,622.5
M,622.5
M,622.5
M,622.5
M,622.5
M,622.5
M,622.5
M,622.5
M,622.5
M,622.5
M,622.5
M,622.5
M,622.5
M,622.5
M,622.5
M,622.5
M,622.5
M,622.5
M,623.0
M,623.69
M,623.69
M,625.0
M,625.0
M,625.0
M,625.0
M,625.0
M,625.0
M,625.0
M,625.0
M,625.0
M,625.0
M,625.0
M,625.0
M,625.0
M,625.0
M,625.0
M,625.0
M,625.0
M,625.0
M,625.0
M,625.0
M,625.0
M,625.0
M,625.0
M,625.0
M,625.0
M,625.0
M,625.0
M,625.0
M,625.0
M,625.0
M,625.0
M,625.0
M,625.0
M,625.0
M,625.0
M,625.0
M,625.0
M,625.0
M,625.0
M,625.0
M,625.0
M,625.0
M,625.0
M,625.0
M,625.0
M,625.0
M,625.0
M,625.0
M,625.0
M,625.0
M,625.0
M,625.0
M,625.0
M,625.0
M,625.0
M,625.0
M,625.0
M,625.0
M,625.0
M,625.0
M,625.0
M,625.0
M,625.0
M,625.0
M,625.0
M,625.0
M,625.5
M,625.96
M,626.0
M,627.0
M,627.5
M,627.5
M,627.5
M,627.5
M,627.5
M,627.5
M,627.5
M,627.5
M,627.5
M,627.5
M,627.5
M,627.5
M,627.5
M,627.5
M,627.5
M,627.5
M,627.5
M,627.5
M,627.5
M,627.5
M,627.5
M,627.5
M,627.5
M,627.5
M,627.5
M,627.5
M,627.5
M,627.5
M,627.5
M,627.5
M,627.5
M,627.5
M,627.5
M,627.5
M,627.5
M,627.5
M,627.5
M,627.5
M,627.5
M,627.5
M,627.5
M,627.5
M,627.5
M,627.5
M,627.5
M,627.5
M,627.5
M,627.5
M,627.5
M,628.0
M,628.0862586258562
M,628.23
M,629.0
M,630.0
M,630.0
M,630.0
M,630.0
M,630.0
M,630.0
M,630.0
M,630.0
M,630.0
M,630.0
M,630.0
M,630.0
M,630.0
M,630.0
M,630.0
M,630.0
M,630.0
M,630.0
M,630.0
M,630.0
M,630.0
M,630.0
M,630.0
M,630.0
M,630.0
M,630.0
M,630.0
M,630.0
M,630.0
M,630.0
M,630.0
M,630.0
M,630.0
M,630.0
M,630.0
M,630.0
M,630.0
M,630.0
M,630.0
M,630.0
M,630.0
M,630.0
M,630.0
M,630.0
M,630.0
M,630.0
M,630.0
M,630.0
M,630.0
M,630.0
M,630.0
M,630.0
M,630.0
M,630.0
M,630.0
M,630.0
M,630.0
M,630.0
M,630.0
M,630.0
M,630.0
M,630.0
M,630.0
M,630.0
M,630.04
M,630.49
M,630.5
M,632.0
M,632.5
M,632.5
M,632.5
M,632.5
M,632.5
M,632.5
M,632.5
M,632.5
M,632.5
M,632.5
M,632.5
M,632.5
M,632.5
M,632.5
M,632.5
M,632.5
M,632.5
M,632.5
M,632.5
M,632.5
M,632.5
M,632.5
M,632.5
M,632.5
M,632.5
M,632.5
M,632.5
M,632.5
M,632.5
M,632.5
M,632.5
M,632.5
M,632.5
M,632.5
M,632.5
M,632.5
M,632.5
M,632.5
M,632.5
M,632.5
M,632.5
M,632.5
M,632.5
M,632.5
M,632.5
M,632.5
M,632.76
M,633.0
M,633.5
M,635.0
M,635.0
M,635.0
M,635.0
M,635.0
M,635.0
M,635.0
M,635.0
M,635.0
M,635.0
M,635.0
M,635.0
M,635.0
M,635.0
M,635.0
M,635.0
M,635.0
M,635.0
M,635.0
M,635.0
M,635.0
M,635.0
M,635.0
M,635.0
M,635.0
M,635.0
M,635.0
M,635.0
M,635.0
M,635.0
M,635.0
M,635.0
M,635.0
M,635.0
M,635.0
M,635.0
M,635.0
M,635.0
M,635.0
M,635.0
M,635.0
M,635.0
M,635.0
M,635.0
M,635.0
M,635.0
M,635.0
M,635.0
M,635.0
M,635.0
M,635.0
M,635.0
M,635.0
M,635.0
M,635.0
M,635.0
M,635.0
M,635.0
M,635.0
M,635.0
M,635.0
M,635.0
M,635.03
M,635.03
M,635.03
M,635.5
M,636.0
M,637.3
M,637.3
M,637.5
M,637.5
M,637.5
M,637.5
M,637.5
M,637.5
M,637.5
M,637.5
M,637.5
M,637.5
M,637.5
M,637.5
M,637.5
M,637.5
M,637.5
M,637.5
M,637.5
M,637.5
M,637.5
M,637.5
M,637.5
M,637.5
M,637.5
M,637.5
M,637.5
M,637.5
M,637.5
M,637.5
M,637.5
M,637.5
M,637.5
M,637.5
M,637.5
M,637.5
M,637.5
M,637.5
M,637.5
M,637.5
M,637.5
M,637.5
M,637.5
M,637.5
M,637.5
M,637.5
M,637.5
M,637.5
M,637.5
M,637.5
M,637.5
M,637.5
M,637.5
M,637.5
M,637.5
M,638.0
M,639.0
M,639.57
M,640.0
M,640.0
M,640.0
M,640.0
M,640.0
M,640.0
M,640.0
M,640.0
M,640.0
M,640.0
M,640.0
M,640.0
M,640.0
M,640.0
M,640.0
M,640.0
M,640.0
M,640.0
M,640.0
M,640.0
M,640.0
M,640.0
M,640.0
M,640.0
M,640.0
M,640.0
M,640.0
M,640.0
M,640.0
M,640.0
M,640.0
M,640.0
M,640.0
M,640.0
M,640.0
M,640.0
M,640.0
M,640.0
M,640.0
M,640.0
M,640.0
M,640.0
M,640.0
M,640.0
M,640.0
M,640.0
M,640.0
M,640.0
M,640.0
M,640.0
M,640.0
M,640.0
M,640.0
M,640.0
M,640.0
M,640.0
M,640.0
M,640.0
M,640.0
M,640.0
M,640.0
M,640.0
M,640.0
M,640.5
M,641.3843564356538
M,641.83
M,642.5
M,642.5
M,642.5
M,642.5
M,642.5
M,642.5
M,642.5
M,642.5
M,642.5
M,642.5
M,642.5
M,642.5
M,642.5
M,642.5
M,642.5
M,642.5
M,642.5
M,642.5
M,642.5
M,642.5
M,642.5
M,642.5
M,642.5
M,642.5
M,642.5
M,642.5
M,642.5
M,642.5
M,642.5
M,642.5
M,642.5
M,642.5
M,642.5
M,642.5
M,642.5
M,642.5
M,642.5
M,642.5
M,642.5
M,642.5
M,642.5
M,642.5
M,642.5
M,642.5
M,642.5
M,642.5
M,643.0
M,643.5
M,644.1
M,645.0
M,645.0
M,645.0
M,645.0
M,645.0
M,645.0
M,645.0
M,645.0
M,645.0
M,645.0
M,645.0
M,645.0
M,645.0
M,645.0
M,645.0
M,645.0
M,645.0
M,645.0
M,645.0
M,645.0
M,645.0
M,645.0
M,645.0
M,645.0
M,645.0
M,645.0
M,645.0
M,645.0
M,645.0
M,645.0
M,645.0
M,645.0
M,645.0
M,645.0
M,645.0
M,645.0
M,645.0
M,645.0
M,645.0
M,645.0
M,645.0
M,645.0
M,645.0
M,645.0
M,645.0
M,645.0
M,645.0
M,645.0
M,645.0
M,645.0
M,645.0
M,645.0
M,645.0
M,645.0
M,645.0
M,645.0
M,645.5
M,646.0
M,646.37
M,647.0
M,647.5
M,647.5
M,647.5
M,647.5
M,647.5
M,647.5
M,647.5
M,647.5
M,647.5
M,647.5
M,647.5
M,647.5
M,647.5
M,647.5
M,647.5
M,647.5
M,647.5
M,647.5
M,647.5
M,647.5
M,647.5
M,647.5
M,647.5
M,647.5
M,647.5
M,647.5
M,647.5
M,647.5
M,647.5
M,647.5
M,647.5
M,647.5
M,647.5
M,647.5
M,647.5
M,647.5
M,647.5
M,647.5
M,647.5
M,647.5
M,647.5
M,647.5
M,648.0
M,648.64
M,648.64
M,650.0
M,650.0
M,650.0
M,650.0
M,650.0
M,650.0
M,650.0
M,650.0
M,650.0
M,650.0
M,650.0
M,650.0
M,650.0
M,650.0
M,650.0
M,650.0
M,650.0
M,650.0
M,650.0
M,650.0
M,650.0
M,650.0
M,650.0
M,650.0
M,650.0
M,650.0
M,650.0
M,650.0
M,650.0
M,650.0
M,650.0
M,650.0
M,650.0
M,650.0
M,650.0
M,650.0
M,650.0
M,650.0
M,650.0
M,650.0
M,650.0
M,650.0
M,650.0
M,650.0
M,650.0
M,650.0
M,650.0
M,650.0
M,650.0
M,650.0
M,650.0
M,650.0
M,650.0
M,650.0
M,650.0
M,650.0
M,650.0
M,650.0
M,650.0
M,650.0
M,650.5
M,650.91
M,651.0
M,652.5
M,652.5
M,652.5
M,652.5
M,652.5
M,652.5
M,652.5
M,652.5
M,652.5
M,652.5
M,652.5
M,652.5
M,652.5
M,652.5
M,652.5
M,652.5
M,652.5
M,652.5
M,652.5
M,652.5
M,652.5
M,652.5
M,652.5
M,652.5
M,652.5
M,652.5
M,652.5
M,652.5
M,652.5
M,652.5
M,652.5
M,652.5
M,652.5
M,652.5
M,652.5
M,652.5
M,652.5
M,652.5
M,652.5
M,652.5
M,652.5
M,652.5
M,652.5
M,652.5
M,653.0
M,653.17
M,653.5
M,655.0
M,655.0
M,655.0
M,655.0
M,655.0
M,655.0
M,655.0
M,655.0
M,655.0
M,655.0
M,655.0
M,655.0
M,655.0
M,655.0
M,655.0
M,655.0
M,655.0
M,655.0
M,655.0
M,655.0
M,655.0
M,655.0
M,655.0
M,655.0
M,655.0
M,655.0
M,655.0
M,655.0
M,655.0
M,655.0
M,655.0
M,655.0
M,655.0
M,655.0
M,655.0
M,655.0
M,655.0
M,655.0
M,655.0
M,655.0
M,655.0
M,655.0
M,655.0
M,655.0
M,655.0
M,655.0
M,655.0
M,655.0
M,655.0
M,655.0
M,655.0
M,655.44
M,655.5
M,656.0
M,657.5
M,657.5
M,657.5
M,657.5
M,657.5
M,657.5
M,657.5
M,657.5
M,657.5
M,657.5
M,657.5
M,657.5
M,657.5
M,657.5
M,657.5
M,657.5
M,657.5
M,657.5
M,657.5
M,657.5
M,657.5
M,657.5
M,657.5
M,657.5
M,657.5
M,657.5
M,657.5
M,657.5
M,657.5
M,657.5
M,657.5
M,657.5
M,657.5
M,657.5
M,657.5
M,657.5
M,657.5
M,657.5
M,657.5
M,657.5
M,657.5
M,657.71
M,658.0
M,659.0
M,659.98
M,660.0
M,660.0
M,660.0
M,660.0
M,660.0
M,660.0
M,660.0
M,660.0
M,660.0
M,660.0
M,660.0
M,660.0
M,660.0
M,660.0
M,660.0
M,660.0
M,660.0
M,660.0
M,660.0
M,660.0
M,660.0
M,660.0
M,660.0
M,660.0
M,660.0
M,660.0
M,660.0
M,660.0
M,660.0
M,660.0
M,660.0
M,660.0
M,660.0
M,660.0
M,660.0
M,660.0
M,660.0
M,660.0
M,660.0
M,660.0
M,660.0
M,660.0
M,660.0
M,660.0
M,660.0
M,660.0
M,660.0
M,660.0
M,660.0
M,660.0
M,660.0
M,660.0
M,660.0
M,660.0
M,660.0
M,660.0
M,660.5
M,661.5
M,662.24
M,662.5
M,662.5
M,662.5
M,662.5
M,662.5
M,662.5
M,662.5
M,662.5
M,662.5
M,662.5
M,662.5
M,662.5
M,662.5
M,662.5
M,662.5
M,662.5
M,662.5
M,662.5
M,662.5
M,662.5
M,662.5
M,662.5
M,662.5
M,662.5
M,662.5
M,662.5
M,662.5
M,662.5
M,662.5
M,662.5
M,662.5
M,662.5
M,662.5
M,662.5
M,662.5
M,662.5
M,662.5
M,662.5
M,662.5
M,662.5
M,663.0
M,664.0
M,664.51
M,665.0
M,665.0
M,665.0
M,665.0
M,665.0
M,665.0
M,665.0
M,665.0
M,665.0
M,665.0
M,665.0
M,665.0
M,665.0
M,665.0
M,665.0
M,665.0
M,665.0
M,665.0
M,665.0
M,665.0
M,665.0
M,665.0
M,665.0
M,665.0
M,665.0
M,665.0
M,665.0
M,665.0
M,665.0
M,665.0
M,665.0
M,665.0
M,665.0
M,665.0
M,665.0
M,665.0
M,665.0
M,665.0
M,665.0
M,665.0
M,665.0
M,665.0
M,665.0
M,665.0
M,665.0
M,665.0
M,665.0
M,665.0
M,665.65
M,666.78
M,667.0
M,667.5
M,667.5
M,667.5
M,667.5
M,667.5
M,667.5
M,667.5
M,667.5
M,667.5
M,667.5
M,667.5
M,667.5
M,667.5
M,667.5
M,667.5
M,667.5
M,667.5
M,667.5
M,667.5
M,667.5
M,667.5
M,667.5
M,667.5
M,667.5
M,667.5
M,667.5
M,667.5
M,667.5
M,667.5
M,667.5
M,667.5
M,667.5
M,667.5
M,667.5
M,667.5
M,667.5
M,667.5
M,668.0
M,668.0
M,669.05
M,670.0
M,670.0
M,670.0
M,670.0
M,670.0
M,670.0
M,670.0
M,670.0
M,670.0
M,670.0
M,670.0
M,670.0
M,670.0
M,670.0
M,670.0
M,670.0
M,670.0
M,670.0
M,670.0
M,670.0
M,670.0
M,670.0
M,670.0
M,670.0
M,670.0
M,670.0
M,670.0
M,670.0
M,670.0
M,670.0
M,670.0
M,670.0
M,670.0
M,670.0
M,670.0
M,670.0
M,670.0
M,670.0
M,670.0
M,670.0
M,670.0
M,670.0
M,670.0
M,670.0
M,670.0
M,670.0
M,670.0
M,670.0
M,670.0
M,670.0
M,671.0
M,671.32
M,672.0
M,672.5
M,672.5
M,672.5
M,672.5
M,672.5
M,672.5
M,672.5
M,672.5
M,672.5
M,672.5
M,672.5
M,672.5
M,672.5
M,672.5
M,672.5
M,672.5
M,672.5
M,672.5
M,672.5
M,672.5
M,672.5
M,672.5
M,672.5
M,672.5
M,672.5
M,672.5
M,672.5
M,672.5
M,672.5
M,672.5
M,672.5
M,672.5
M,672.5
M,672.5
M,672.5
M,673.0
M,673.0
M,673.5907050705073
M,675.0
M,675.0
M,675.0
M,675.0
M,675.0
M,675.0
M,675.0
M,675.0
M,675.0
M,675.0
M,675.0
M,675.0
M,675.0
M,675.0
M,675.0
M,675.0
M,675.0
M,675.0
M,675.0
M,675.0
M,675.0
M,675.0
M,675.0
M,675.0
M,675.0
M,675.0
M,675.0
M,675.0
M,675.0
M,675.0
M,675.0
M,675.0
M,675.0
M,675.0
M,675.0
M,675.0
M,675.0
M,675.0
M,675.0
M,675.0
M,675.0
M,675.5
M,675.85
M,676.5
M,677.5
M,677.5
M,677.5
M,677.5
M,677.5
M,677.5
M,677.5
M,677.5
M,677.5
M,677.5
M,677.5
M,677.5
M,677.5
M,677.5
M,677.5
M,677.5
M,677.5
M,677.5
M,677.5
M,677.5
M,677.5
M,677.5
M,677.5
M,677.5
M,677.5
M,677.5
M,677.5
M,677.5
M,677.5
M,677.5
M,677.5
M,677.5
M,678.0
M,678.5941254125431
M,680.0
M,680.0
M,680.0
M,680.0
M,680.0
M,680.0
M,680.0
M,680.0
M,680.0
M,680.0
M,680.0
M,680.0
M,680.0
M,680.0
M,680.0
M,680.0
M,680.0
M,680.0
M,680.0
M,680.0
M,680.0
M,680.0
M,680.0
M,680.0
M,680.0
M,680.0
M,680.0
M,680.0
M,680.0
M,680.0
M,680.0
M,680.0
M,680.0
M,680.0
M,680.0
M,680.0
M,680.0
M,680.0
M,680.0
M,680.0
M,680.0
M,680.0
M,680.39
M,680.39
M,680.5
M,681.0
M,682.48
M,682.5
M,682.5
M,682.5
M,682.5
M,682.5
M,682.5
M,682.5
M,682.5
M,682.5
M,682.5
M,682.5
M,682.5
M,682.5
M,682.5
M,682.5
M,682.5
M,682.5
M,682.5
M,682.5
M,682.5
M,682.5
M,682.5
M,682.5
M,682.5
M,682.5
M,682.5
M,682.5
M,682.5
M,682.5
M,682.5
M,682.5
M,682.5
M,682.5
M,682.5
M,682.5
M,682.5
M,682.5
M,682.5
M,682.7
M,683.5
M,684.92
M,685.0
M,685.0
M,685.0
M,685.0
M,685.0
M,685.0
M,685.0
M,685.0
M,685.0
M,685.0
M,685.0
M,685.0
M,685.0
M,685.0
M,685.0
M,685.0
M,685.0
M,685.0
M,685.0
M,685.0
M,685.0
M,685.0
M,685.0
M,685.0
M,685.0
M,685.0
M,685.0
M,685.0
M,685.0
M,685.0
M,685.0
M,685.0
M,685.0
M,685.0
M,685.0
M,685.0
M,685.0
M,685.0
M,685.0
M,685.0
M,686.0
M,687.19
M,687.5
M,687.5
M,687.5
M,687.5
M,687.5
M,687.5
M,687.5
M,687.5
M,687.5
M,687.5
M,687.5
M,687.5
M,687.5
M,687.5
M,687.5
M,687.5
M,687.5
M,687.5
M,687.5
M,687.5
M,687.5
M,687.5
M,687.5
M,687.5
M,687.5
M,687.5
M,687.5
M,687.5
M,687.5
M,687.5
M,688.0
M,689.0
M,689.5
M,690.0
M,690.0
M,690.0
M,690.0
M,690.0
M,690.0
M,690.0
M,690.0
M,690.0
M,690.0
M,690.0
M,690.0
M,690.0
M,690.0
M,690.0
M,690.0
M,690.0
M,690.0
M,690.0
M,690.0
M,690.0
M,690.0
M,690.0
M,690.0
M,690.0
M,690.0
M,690.0
M,690.0
M,690.0
M,690.0
M,690.0
M,690.0
M,690.0
M,690.0
M,690.0
M,690.0
M,690.0
M,690.0
M,690.0
M,690.5
M,691.27
M,692.0
M,692.5
M,692.5
M,692.5
M,692.5
M,692.5
M,692.5
M,692.5
M,692.5
M,692.5
M,692.5
M,692.5
M,692.5
M,692.5
M,692.5
M,692.5
M,692.5
M,692.5
M,692.5
M,692.5
M,692.5
M,692.5
M,692.5
M,692.5
M,692.5
M,692.5
M,692.5
M,692.5
M,692.5
M,693.0
M,694.0
M,695.0
M,695.0
M,695.0
M,695.0
M,695.0
M,695.0
M,695.0
M,695.0
M,695.0
M,695.0
M,695.0
M,695.0
M,695.0
M,695.0
M,695.0
M,695.0
M,695.0
M,695.0
M,695.0
M,695.0
M,695.0
M,695.0
M,695.0
M,695.0
M,695.0
M,695.0
M,695.0
M,695.0
M,695.0
M,695.0
M,695.0
M,695.0
M,695.0
M,695.8040474047581
M,696.26
M,697.5
M,697.5
M,697.5
M,697.5
M,697.5
M,697.5
M,697.5
M,697.5
M,697.5
M,697.5
M,697.5
M,697.5
M,697.5
M,697.5
M,697.5
M,697.5
M,697.5
M,697.5
M,697.5
M,697.5
M,697.5
M,697.5
M,698.0
M,698.5
M,699.0
M,700.0
M,700.0
M,700.0
M,700.0
M,700.0
M,700.0
M,700.0
M,700.0
M,700.0
M,700.0
M,700.0
M,700.0
M,700.0
M,700.0
M,700.0
M,700.0
M,700.0
M,700.0
M,700.0
M,700.0
M,700.0
M,700.0
M,700.0
M,700.0
M,700.0
M,700.0
M,700.0
M,700.0
M,700.0
M,700.0
M,700.0
M,700.0
M,700.0
M,700.0
M,700.0
M,700.0
M,700.0
M,700.0
M,700.0
M,700.0
M,700.0
M,700.0
M,700.0
M,700.0
M,700.0
M,700.0
M,700.0
M,700.5
M,700.8
M,701.0
M,702.5
M,702.5
M,702.5
M,702.5
M,702.5
M,702.5
M,702.5
M,702.5
M,702.5
M,702.5
M,702.5
M,702.5
M,702.5
M,702.5
M,702.5
M,702.5
M,702.5
M,702.5
M,702.5
M,702.5
M,702.5
M,702.5
M,702.5
M,702.5
M,702.5
M,702.5
M,703.0
M,703.07
M,704.0
M,705.0
M,705.0
M,705.0
M,705.0
M,705.0
M,705.0
M,705.0
M,705.0
M,705.0
M,705.0
M,705.0
M,705.0
M,705.0
M,705.0
M,705.0
M,705.0
M,705.0
M,705.0
M,705.0
M,705.0
M,705.0
M,705.0
M,705.0
M,705.0
M,705.0
M,705.0
M,705.0
M,705.0
M,705.0
M,705.0
M,705.5
M,706.0
M,707.5
M,707.5
M,707.5
M,707.5
M,707.5
M,707.5
M,707.5
M,707.5
M,707.5
M,707.5
M,707.5
M,707.5
M,707.5
M,707.5
M,707.5
M,707.5
M,707.5
M,707.5
M,707.5
M,707.5
M,707.5
M,707.5
M,707.5
M,707.5
M,707.5
M,707.6
M,708.0
M,709.87
M,710.0
M,710.0
M,710.0
M,710.0
M,710.0
M,710.0
M,710.0
M,710.0
M,710.0
M,710.0
M,710.0
M,710.0
M,710.0
M,710.0
M,710.0
M,710.0
M,710.0
M,710.0
M,710.0
M,710.0
M,710.0
M,710.0
M,710.0
M,710.0
M,710.0
M,710.0
M,710.0
M,710.0
M,710.0
M,710.0
M,710.0
M,710.0
M,711.0
M,712.14
M,712.5
M,712.5
M,712.5
M,712.5
M,712.5
M,712.5
M,712.5
M,712.5
M,712.5
M,712.5
M,712.5
M,712.5
M,712.5
M,712.5
M,712.5
M,712.5
M,712.5
M,712.5
M,712.5
M,712.5
M,712.5
M,712.5
M,712.5
M,712.5
M,713.0
M,714.41
M,715.0
M,715.0
M,715.0
M,715.0
M,715.0
M,715.0
M,715.0
M,715.0
M,715.0
M,715.0
M,715.0
M,715.0
M,715.0
M,715.0
M,715.0
M,715.0
M,715.0
M,715.0
M,715.0
M,715.0
M,715.0
M,715.0
M,715.0
M,715.0
M,715.0
M,715.0
M,715.0
M,715.5
M,716.0
M,717.0
M,717.5
M,717.5
M,717.5
M,717.5
M,717.5
M,717.5
M,717.5
M,717.5
M,717.5
M,717.5
M,717.5
M,717.5
M,717.5
M,717.5
M,717.5
M,717.5
M,717.5
M,717.5
M,717.5
M,717.5
M,717.5
M,718.0
M,719.0
M,720.0
M,720.0
M,720.0
M,720.0
M,720.0
M,720.0
M,720.0
M,720.0
M,720.0
M,720.0
M,720.0
M,720.0
M,720.0
M,720.0
M,720.0
M,720.0
M,720.0
M,720.0
M,720.0
M,720.0
M,720.0
M,720.0
M,720.0
M,720.0
M,720.0
M,720.0
M,720.0
M,720.5
M,721.0
M,722.4694869487081
M,722.5
M,722.5
M,722.5
M,722.5
M,722.5
M,722.5
M,722.5
M,722.5
M,722.5
M,722.5
M,722.5
M,722.5
M,722.5
M,722.5
M,722.5
M,722.5
M,722.5
M,722.5
M,722.5
M,723.0
M,725.0
M,725.0
M,725.0
M,725.0
M,725.0
M,725.0
M,725.0
M,725.0
M,725.0
M,725.0
M,725.0
M,725.0
M,725.0
M,725.0
M,725.0
M,725.0
M,725.0
M,725.0
M,725.0
M,725.0
M,725.0
M,725.0
M,725.0
M,725.5
M,725.75
M,726.5
M,727.5
M,727.5
M,727.5
M,727.5
M,727.5
M,727.5
M,727.5
M,727.5
M,727.5
M,727.5
M,727.5
M,727.5
M,727.5
M,727.5
M,727.5
M,727.5
M,727.5
M,727.5
M,727.5
M,727.5
M,727.5
M,727.5
M,727.5
M,728.0
M,728.5
M,730.0
M,730.0
M,730.0
M,730.0
M,730.0
M,730.0
M,730.0
M,730.0
M,730.0
M,730.0
M,730.0
M,730.0
M,730.0
M,730.0
M,730.0
M,730.0
M,730.0
M,730.0
M,730.0
M,730.0
M,730.0
M,730.0
M,730.0
M,730.0
M,730.5
M,731.0
M,732.5
M,732.5
M,732.5
M,732.5
M,732.5
M,732.5
M,732.5
M,732.5
M,732.5
M,732.5
M,732.5
M,732.5
M,732.5
M,732.5
M,732.5
M,732.5
M,732.5
M,732.5
M,732.55
M,733.0
M,734.82
M,735.0
M,735.0
M,735.0
M,735.0
M,735.0
M,735.0
M,735.0
M,735.0
M,735.0
M,735.0
M,735.0
M,735.0
M,735.0
M,735.0
M,735.0
M,735.0
M,735.0
M,735.0
M,735.0
M,735.0
M,735.0
M,735.5
M,737.09
M,737.5
M,737.5
M,737.5
M,737.5
M,737.5
M,737.5
M,737.5
M,737.5
M,737.5
M,737.5
M,737.5
M,737.5
M,737.5
M,737.5
M,737.5
M,737.5
M,738.0
M,740.0
M,740.0
M,740.0
M,740.0
M,740.0
M,740.0
M,740.0
M,740.0
M,740.0
M,740.0
M,740.0
M,740.0
M,740.0
M,740.0
M,740.0
M,740.0
M,740.0
M,740.0
M,740.0
M,740.0
M,740.0
M,740.0
M,740.0
M,741.0
M,741.62
M,742.5
M,742.5
M,742.5
M,742.5
M,742.5
M,742.5
M,742.5
M,742.5
M,742.5
M,742.5
M,742.5
M,742.5
M,742.5
M,742.5
M,742.5
M,742.5
M,743.0
M,743.9
M,745.0
M,745.0
M,745.0
M,745.0
M,745.0
M,745.0
M,745.0
M,745.0
M,745.0
M,745.0
M,745.0
M,745.0
M,745.0
M,745.0
M,745.0
M,745.0
M,745.0
M,745.0
M,745.0
M,745.5
M,746.0
M,747.5
M,747.5
M,747.5
M,747.5
M,747.5
M,747.5
M,747.5
M,747.5
M,747.5
M,747.5
M,747.5
M,747.5
M,747.5
M,747.5
M,748.43
M,750.0
M,750.0
M,750.0
M,750.0
M,750.0
M,750.0
M,750.0
M,750.0
M,750.0
M,750.0
M,750.0
M,750.0
M,750.0
M,750.0
M,750.0
M,750.0
M,750.0
M,750.0
M,750.0
M,750.0
M,750.0
M,750.7
M,752.5
M,752.5
M,752.5
M,752.5
M,752.5
M,752.5
M,752.5
M,752.5
M,752.5
M,752.5
M,752.5
M,752.5
M,752.5
M,752.96
M,753.5
M,755.0
M,755.0
M,755.0
M,755.0
M,755.0
M,755.0
M,755.0
M,755.0
M,755.0
M,755.0
M,755.0
M,755.0
M,755.0
M,755.0
M,755.0
M,755.23
M,756.0
M,757.5
M,757.5
M,757.5
M,757.5
M,757.5
M,757.5
M,757.5
M,757.5
M,757.5
M,757.5
M,757.5
M,757.5
M,758.0
M,759.8089498949912
M,760.0
M,760.0
M,760.0
M,760.0
M,760.0
M,760.0
M,760.0
M,760.0
M,760.0
M,760.0
M,760.0
M,760.0
M,760.0
M,760.0
M,760.0
M,760.0
M,760.0
M,760.5
M,762.5
M,762.5
M,762.5
M,762.5
M,762.5
M,762.5
M,762.5
M,762.5
M,762.5
M,762.5
M,762.5
M,762.5
M,763.0
M,764.3
M,765.0
M,765.0
M,765.0
M,765.0
M,765.0
M,765.0
M,765.0
M,765.0
M,765.0
M,765.0
M,765.0
M,765.0
M,765.0
M,765.0
M,766.57
M,767.5
M,767.5
M,767.5
M,767.5
M,767.5
M,767.5
M,767.5
M,767.5
M,767.5
M,767.5
M,768.0
M,770.0
M,770.0
M,770.0
M,770.0
M,770.0
M,770.0
M,770.0
M,770.0
M,770.0
M,770.0
M,770.0
M,770.0
M,770.0
M,770.5
M,771.11
M,772.5
M,772.5
M,772.5
M,772.5
M,772.5
M,772.5
M,772.5
M,772.5
M,772.5
M,772.5
M,772.5
M,772.5
M,772.5
M,772.648880888113
M,773.5
M,775.0
M,775.0
M,775.0
M,775.0
M,775.0
M,775.0
M,775.0
M,775.0
M,775.0
M,775.0
M,775.0
M,775.0
M,775.0
M,775.64
M,777.5
M,777.5
M,777.5
M,777.5
M,777.5
M,777.5
M,777.5
M,777.5
M,777.5
M,777.5
M,780.0
M,780.0
M,780.0
M,780.0
M,780.0
M,780.0
M,780.0
M,780.0
M,780.0
M,780.0
M,780.0
M,780.0
M,780.5
M,782.5
M,782.5
M,782.5
M,782.5
M,782.5
M,782.5
M,782.5
M,782.5
M,782.5
M,783.5
M,785.0
M,785.0
M,785.0
M,785.0
M,785.0
M,785.0
M,785.0
M,785.0
M,785.0
M,785.0
M,785.0
M,785.5
M,787.5
M,787.5
M,787.5
M,787.5
M,787.5
M,787.5
M,787.5
M,787.5
M,789.25
M,790.0
M,790.0
M,790.0
M,790.0
M,790.0
M,790.0
M,790.0
M,790.0
M,790.0
M,790.0
M,790.0
M,791.5018601860199
M,792.5
M,792.5
M,792.5
M,792.5
M,792.5
M,792.5
M,792.5
M,793.0
M,795.0
M,795.0
M,795.0
M,795.0
M,795.0
M,795.0
M,795.0
M,795.0
M,796.05
M,797.5
M,797.5
M,797.5
M,797.5
M,797.5
M,797.5
M,800.0
M,800.0
M,800.0
M,800.0
M,800.0
M,800.0
M,800.0
M,800.0
M,800.0
M,800.0
M,800.0
M,800.0
M,800.0
M,801.0
M,802.5
M,802.5
M,802.5
M,802.5
M,802.5
M,802.5
M,802.86
M,805.0
M,805.0
M,805.0
M,805.0
M,805.0
M,805.0
M,805.0
M,805.13
M,807.5
M,807.5
M,807.5
M,807.5
M,807.5
M,807.5
M,809.66
M,810.0
M,810.0
M,810.0
M,810.0
M,810.0
M,810.0
M,810.5
M,812.5
M,812.5
M,812.5
M,812.5
M,812.5
M,812.5
M,815.0
M,815.0
M,815.0
M,815.0
M,815.0
M,815.0
M,815.0
M,817.0
M,817.5
M,817.5
M,817.5
M,817.5
M,817.5
M,817.5
M,819.0
M,820.0
M,820.0
M,820.0
M,820.0
M,820.0
M,820.0
M,822.5
M,822.5
M,822.5
M,822.5
M,822.5
M,824.9945934593468
M,825.0
M,825.0
M,825.0
M,825.0
M,825.0
M,826.0
M,827.5
M,827.5
M,827.5
M,827.5
M,830.0
M,830.0
M,830.0
M,830.0
M,830.0
M,830.0
M,832.34
M,832.5
M,832.5
M,832.5
M,833.0
M,835.0
M,835.0
M,835.0
M,835.0
M,835.5
M,837.5
M,837.5
M,837.5
M,839.0
M,840.0
M,840.0
M,840.0
M,840.0
M,840.0
M,842.5
M,842.5
M,842.5
M,842.5
M,845.0
M,845.0
M,845.0
M,845.5
M,847.5
M,847.5
M,847.5
M,848.5
M,850.0
M,850.0
M,850.0
M,850.0
M,852.5
M,852.5
M,852.5
M,855.0
M,855.0
M,855.0
M,856.0
M,857.5
M,857.5
M,860.0
M,860.0
M,860.0
M,861.9758235823596
M,862.5
M,862.5
M,862.5
M,865.0
M,865.0
M,865.0
M,867.5
M,867.5
M,870.0
M,870.0
M,870.0
M,872.5
M,872.5
M,875.0
M,875.0
M,875.5
M,877.5
M,877.7
M,880.0
M,880.0
M,882.5
M,882.5
M,885.0
M,885.0
M,887.5
M,887.5
M,890.0
M,890.0
M,892.5
M,895.0
M,895.0
M,897.5
M,900.0
M,900.0
M,902.5
M,905.0
M,907.5
M,907.5
M,908.0
M,910.0
M,912.5
M,915.0
M,916.26
M,920.0
M,920.0
M,923.06
M,927.0
M,930.0
M,932.5
M,935.0
M,938.5
M,942.5
M,947.5
M,952.5
M,955.0
M,960.0
M,967.2313231323496
M,977.0711191119149
M,985.0
M,1002.5
M,1020.0
M,1045.0
M,1153.5
F,8.0
F,60.0
F,67.5
F,72.57
F,75.0
F,78.14241424142415
F,80.50941794179418
F,85.0
F,87.5
F,90.0
F,90.76557255725572
F,93.0
F,95.0
F,97.5
F,97.52
F,100.0
F,102.0
F,102.5
F,104.33
F,105.0
F,106.59
F,107.5
F,108.86
F,110.0
F,110.0
F,111.13
F,112.5
F,112.5
F,113.5
F,115.0
F,115.0
F,115.0
F,116.0
F,117.5
F,117.5
F,117.93
F,120.0
F,120.0
F,120.0
F,120.0
F,120.2
F,122.47
F,122.5
F,122.5
F,122.5
F,124.28
F,124.74
F,125.0
F,125.0
F,125.0
F,127.0
F,127.01
F,127.5
F,127.5
F,127.5
F,129.27
F,130.0
F,130.0
F,130.0
F,130.0
F,130.0
F,131.1577157715771
F,131.54
F,132.5
F,132.5
F,132.5
F,132.5
F,133.81
F,135.0
F,135.0
F,135.0
F,135.0
F,135.0
F,135.0
F,135.0
F,136.08
F,136.47881788178816
F,137.5
F,137.5
F,137.5
F,137.5
F,137.5
F,138.35
F,138.35
F,139.2962796279628
F,140.0
F,140.0
F,140.0
F,140.0
F,140.0
F,140.0
F,140.61
F,140.61
F,142.5
F,142.5
F,142.5
F,142.5
F,142.5
F,142.5
F,142.88
F,142.88
F,142.88
F,145.0
F,145.0
F,145.0
F,145.0
F,145.0
F,145.0
F,145.0
F,145.0
F,145.15
F,145.15
F,145.15
F,147.4
F,147.42
F,147.42
F,147.5
F,147.5
F,147.5
F,147.5
F,147.5
F,147.5
F,147.5
F,148.32
F,149.69
F,149.69
F,149.69
F,150.0
F,150.0
F,150.0
F,150.0
F,150.0
F,150.0
F,150.0
F,150.0
F,150.0
F,150.0
F,151.90021502150216
F,151.95
F,151.95
F,151.95
F,152.5
F,152.5
F,152.5
F,152.5
F,152.5
F,152.5
F,152.5
F,152.5
F,153.0
F,154.22
F,154.22
F,154.22
F,155.0
F,155.0
F,155.0
F,155.0
F,155.0
F,155.0
F,155.0
F,155.0
F,155.0
F,155.0
F,155.0
F,155.0
F,156.0
F,156.49
F,156.49
F,156.49
F,156.5
F,157.5
F,157.5
F,157.5
F,157.5
F,157.5
F,157.5
F,157.5
F,157.5
F,157.5
F,158.76
F,158.76
F,158.76
F,158.76
F,160.0
F,160.0
F,160.0
F,160.0
F,160.0
F,160.0
F,160.0
F,160.0
F,160.0
F,160.0
F,160.0
F,160.0
F,160.0
F,161.0
F,161.03
F,161.03
F,161.03
F,162.4393139313933
F,162.5
F,162.5
F,162.5
F,162.5
F,162.5
F,162.5
F,162.5
F,162.5
F,162.5
F,162.5
F,162.5
F,163.29
F,163.29
F,163.29
F,163.29
F,164.2
F,165.0
F,165.0
F,165.0
F,165.0
F,165.0
F,165.0
F,165.0
F,165.0
F,165.0
F,165.0
F,165.0
F,165.0
F,165.0
F,165.0
F,165.0
F,165.56
F,165.56
F,165.56
F,165.56
F,165.56
F,167.0
F,167.5
F,167.5
F,167.5
F,167.5
F,167.5
F,167.5
F,167.5
F,167.5
F,167.5
F,167.5
F,167.5
F,167.5
F,167.5
F,167.5
F,167.83
F,167.83
F,167.83
F,167.83
F,168.0366436643664
F,170.0
F,170.0
F,170.0
F,170.0
F,170.0
F,170.0
F,170.0
F,170.0
F,170.0
F,170.0
F,170.0
F,170.0
F,170.0
F,170.0
F,170.0
F,170.0
F,170.0
F,170.0
F,170.1
F,170.1
F,170.1
F,170.1
F,170.1
F,170.5
F,172.37
F,172.37
F,172.37
F,172.37
F,172.37
F,172.5
F,172.5
F,172.5
F,172.5
F,172.5
F,172.5
F,172.5
F,172.5
F,172.5
F,172.5
F,172.5
F,172.5
F,172.5
F,172.5
F,172.5
F,172.5
F,173.0
F,174.63
F,174.63
F,174.63
F,174.63
F,174.63
F,175.0
F,175.0
F,175.0
F,175.0
F,175.0
F,175.0
F,175.0
F,175.0
F,175.0
F,175.0
F,175.0
F,175.0
F,175.0
F,175.0
F,175.0
F,175.0
F,175.0
F,175.0
F,175.0
F,175.0
F,175.0
F,175.5
F,176.9
F,176.9
F,176.9
F,176.9
F,176.9
F,177.5
F,177.5
F,177.5
F,177.5
F,177.5
F,177.5
F,177.5
F,177.5
F,177.5
F,177.5
F,177.5
F,177.5
F,177.5
F,177.5
F,177.5
F,177.5
F,177.5
F,177.5
F,177.5
F,178.5
F,179.17
F,179.17
F,179.17
F,179.17
F,179.17
F,179.17
F,180.0
F,180.0
F,180.0
F,180.0
F,180.0
F,180.0
F,180.0
F,180.0
F,180.0
F,180.0
F,180.0
F,180.0
F,180.0
F,180.0
F,180.0
F,180.0
F,180.0
F,180.0
F,180.0
F,180.0
F,180.0
F,180.0
F,180.0
F,180.5
F,181.4
F,181.44
F,181.44
F,181.44
F,181.44
F,181.44
F,182.5
F,182.5
F,182.5
F,182.5
F,182.5
F,182.5
F,182.5
F,182.5
F,182.5
F,182.5
F,182.5
F,182.5
F,182.5
F,182.5
F,182.5
F,182.5
F,182.5
F,182.5
F,182.5
F,182.5
F,182.5
F,183.5
F,183.7
F,183.7
F,183.7
F,183.7
F,183.7
F,184.61
F,185.0
F,185.0
F,185.0
F,185.0
F,185.0
F,185.0
F,185.0
F,185.0
F,185.0
F,185.0
F,185.0
F,185.0
F,185.0
F,185.0
F,185.0
F,185.0
F,185.0
F,185.0
F,185.0
F,185.0
F,185.0
F,185.0
F,185.0
F,185.0
F,185.0
F,185.0
F,185.97
F,185.97
F,185.97
F,185.97
F,185.97
F,185.97
F,186.88
F,187.5
F,187.5
F,187.5
F,187.5
F,187.5
F,187.5
F,187.5
F,187.5
F,187.5
F,187.5
F,187.5
F,187.5
F,187.5
F,187.5
F,187.5
F,187.5
F,187.5
F,187.5
F,187.5
F,187.5
F,187.5
F,187.5
F,187.5
F,187.5
F,187.5
F,187.5
F,188.0
F,188.24
F,188.24
F,188.24
F,188.24
F,188.24
F,188.5
F,190.0
F,190.0
F,190.0
F,190.0
F,190.0
F,190.0
F,190.0
F,190.0
F,190.0
F,190.0
F,190.0
F,190.0
F,190.0
F,190.0
F,190.0
F,190.0
F,190.0
F,190.0
F,190.0
F,190.0
F,190.0
F,190.0
F,190.0
F,190.0
F,190.0
F,190.0
F,190.0
F,190.0
F,190.0
F,190.0
F,190.0
F,190.5
F,190.51
F,190.51
F,190.51
F,190.51
F,190.51
F,190.51
F,192.5
F,192.5
F,192.5
F,192.5
F,192.5
F,192.5
F,192.5
F,192.5
F,192.5
F,192.5
F,192.5
F,192.5
F,192.5
F,192.5
F,192.5
F,192.5
F,192.5
F,192.5
F,192.5
F,192.5
F,192.5
F,192.5
F,192.5
F,192.5
F,192.5
F,192.5
F,192.5
F,192.5
F,192.5
F,192.5
F,192.78
F,192.78
F,192.78
F,192.78
F,192.78
F,192.78
F,192.8
F,193.68
F,195.0
F,195.0
F,195.0
F,195.0
F,195.0
F,195.0
F,195.0
F,195.0
F,195.0
F,195.0
F,195.0
F,195.0
F,195.0
F,195.0
F,195.0
F,195.0
F,195.0
F,195.0
F,195.0
F,195.0
F,195.0
F,195.0
F,195.0
F,195.0
F,195.0
F,195.0
F,195.0
F,195.0
F,195.0
F,195.0
F,195.0
F,195.0
F,195.0
F,195.0
F,195.0
F,195.04
F,195.04
F,195.04
F,195.04
F,195.04
F,195.04
F,195.1
F,196.88104410441056
F,197.31
F,197.31
F,197.31
F,197.31
F,197.31
F,197.31
F,197.5
F,197.5
F,197.5
F,197.5
F,197.5
F,197.5
F,197.5
F,197.5
F,197.5
F,197.5
F,197.5
F,197.5
F,197.5
F,197.5
F,197.5
F,197.5
F,197.5
F,197.5
F,197.5
F,197.5
F,197.5
F,197.5
F,197.5
F,197.5
F,197.5
F,197.5
F,197.5
F,197.5
F,197.5
F,197.5
F,197.5
F,197.5
F,198.0
F,199.53431543154323
F,199.58
F,199.58
F,199.58
F,199.58
F,199.58
F,199.58
F,200.0
F,200.0
F,200.0
F,200.0
F,200.0
F,200.0
F,200.0
F,200.0
F,200.0
F,200.0
F,200.0
F,200.0
F,200.0
F,200.0
F,200.0
F,200.0
F,200.0
F,200.0
F,200.0
F,200.0
F,200.0
F,200.0
F,200.0
F,200.0
F,200.0
F,200.0
F,200.0
F,200.0
F,200.0
F,200.0
F,200.0
F,200.0
F,200.0
F,200.0
F,200.0
F,200.0
F,200.0
F,200.0
F,200.0
F,200.0
F,200.0
F,200.0
F,200.0
F,201.0
F,201.85
F,201.85
F,201.85
F,201.85
F,201.85
F,201.85
F,201.85
F,201.9
F,202.5
F,202.5
F,202.5
F,202.5
F,202.5
F,202.5
F,202.5
F,202.5
F,202.5
F,202.5
F,202.5
F,202.5
F,202.5
F,202.5
F,202.5
F,202.5
F,202.5
F,202.5
F,202.5
F,202.5
F,202.5
F,202.5
F,202.5
F,202.5
F,202.5
F,202.5
F,202.5
F,202.5
F,202.5
F,202.5
F,202.5
F,202.5
F,202.5
F,202.5
F,202.5
F,202.5
F,202.5
F,202.5
F,203.5
F,204.1
F,204.12
F,204.12
F,204.12
F,204.12
F,204.12
F,204.12
F,205.0
F,205.0
F,205.0
F,205.0
F,205.0
F,205.0
F,205.0
F,205.0
F,205.0
F,205.0
F,205.0
F,205.0
F,205.0
F,205.0
F,205.0
F,205.0
F,205.0
F,205.0
F,205.0
F,205.0
F,205.0
F,205.0
F,205.0
F,205.0
F,205.0
F,205.0
F,205.0
F,205.0
F,205.0
F,205.0
F,205.0
F,205.0
F,205.0
F,205.0
F,205.0
F,205.0
F,205.0
F,205.0
F,205.0
F,205.0
F,205.0
F,205.0
F,205.0
F,205.0
F,205.0
F,206.38
F,206.38
F,206.38
F,206.38
F,206.38
F,206.38
F,206.38
F,206.4
F,207.5
F,207.5
F,207.5
F,207.5
F,207.5
F,207.5
F,207.5
F,207.5
F,207.5
F,207.5
F,207.5
F,207.5
F,207.5
F,207.5
F,207.5
F,207.5
F,207.5
F,207.5
F,207.5
F,207.5
F,207.5
F,207.5
F,207.5
F,207.5
F,207.5
F,207.5
F,207.5
F,207.5
F,207.5
F,207.5
F,207.5
F,207.5
F,207.5
F,207.5
F,207.5
F,207.5
F,207.5
F,207.5
F,207.5
F,207.5
F,207.5
F,207.5
F,207.5
F,208.34371437143744
F,208.65
F,208.65
F,208.65
F,208.65
F,208.65
F,208.65
F,208.65
F,209.90717071707132
F,210.0
F,210.0
F,210.0
F,210.0
F,210.0
F,210.0
F,210.0
F,210.0
F,210.0
F,210.0
F,210.0
F,210.0
F,210.0
F,210.0
F,210.0
F,210.0
F,210.0
F,210.0
F,210.0
F,210.0
F,210.0
F,210.0
F,210.0
F,210.0
F,210.0
F,210.0
F,210.0
F,210.0
F,210.0
F,210.0
F,210.0
F,210.0
F,210.0
F,210.0
F,210.0
F,210.0
F,210.0
F,210.0
F,210.0
F,210.0
F,210.0
F,210.0
F,210.0
F,210.0
F,210.0
F,210.0
F,210.0
F,210.0
F,210.0
F,210.47
F,210.92
F,210.92
F,210.92
F,210.92
F,210.92
F,210.92
F,210.92
F,211.0
F,212.5
F,212.5
F,212.5
F,212.5
F,212.5
F,212.5
F,212.5
F,212.5
F,212.5
F,212.5
F,212.5
F,212.5
F,212.5
F,212.5
F,212.5
F,212.5
F,212.5
F,212.5
F,212.5
F,212.5
F,212.5
F,212.5
F,212.5
F,212.5
F,212.5
F,212.5
F,212.5
F,212.5
F,212.5
F,212.5
F,212.5
F,212.5
F,212.5
F,212.5
F,212.5
F,212.5
F,212.5
F,212.5
F,212.5
F,212.5
F,212.5
F,212.5
F,212.5
F,212.5
F,212.5
F,212.5
F,212.5
F,212.5
F,212.51505150515004
F,213.19
F,213.19
F,213.19
F,213.19
F,213.19
F,213.19
F,213.19
F,213.19
F,214.0
F,215.0
F,215.0
F,215.0
F,215.0
F,215.0
F,215.0
F,215.0
F,215.0
F,215.0
F,215.0
F,215.0
F,215.0
F,215.0
F,215.0
F,215.0
F,215.0
F,215.0
F,215.0
F,215.0
F,215.0
F,215.0
F,215.0
F,215.0
F,215.0
F,215.0
F,215.0
F,215.0
F,215.0
F,215.0
F,215.0
F,215.0
F,215.0
F,215.0
F,215.0
F,215.0
F,215.0
F,215.0
F,215.0
F,215.0
F,215.0
F,215.0
F,215.0
F,215.0
F,215.0
F,215.0
F,215.0
F,215.0
F,215.0
F,215.0
F,215.0
F,215.0
F,215.0
F,215.0
F,215.0
F,215.0
F,215.0
F,215.46
F,215.46
F,215.46
F,215.46
F,215.46
F,215.46
F,215.46
F,215.5
F,216.36645564556466
F,217.5
F,217.5
F,217.5
F,217.5
F,217.5
F,217.5
F,217.5
F,217.5
F,217.5
F,217.5
F,217.5
F,217.5
F,217.5
F,217.5
F,217.5
F,217.5
F,217.5
F,217.5
F,217.5
F,217.5
F,217.5
F,217.5
F,217.5
F,217.5
F,217.5
F,217.5
F,217.5
F,217.5
F,217.5
F,217.5
F,217.5
F,217.5
F,217.5
F,217.5
F,217.5
F,217.5
F,217.5
F,217.5
F,217.5
F,217.5
F,217.5
F,217.5
F,217.5
F,217.5
F,217.5
F,217.5
F,217.5
F,217.5
F,217.5
F,217.5
F,217.5
F,217.5
F,217.5
F,217.72
F,217.72
F,217.72
F,217.72
F,217.72
F,217.72
F,217.72
F,218.0
F,218.5
F,219.99
F,219.99
F,219.99
F,219.99
F,219.99
F,219.99
F,219.99
F,219.99
F,220.0
F,220.0
F,220.0
F,220.0
F,220.0
F,220.0
F,220.0
F,220.0
F,220.0
F,220.0
F,220.0
F,220.0
F,220.0
F,220.0
F,220.0
F,220.0
F,220.0
F,220.0
F,220.0
F,220.0
F,220.0
F,220.0
F,220.0
F,220.0
F,220.0
F,220.0
F,220.0
F,220.0
F,220.0
F,220.0
F,220.0
F,220.0
F,220.0
F,220.0
F,220.0
F,220.0
F,220.0
F,220.0
F,220.0
F,220.0
F,220.0
F,220.0
F,220.0
F,220.0
F,220.0
F,220.0
F,220.0
F,220.0
F,220.0
F,220.0
F,220.0
F,220.0
F,220.0
F,220.0
F,220.0
F,220.0
F,220.0
F,220.0
F,220.0
F,220.0
F,220.0
F,220.0
F,220.0
F,220.0
F,221.0
F,222.0
F,222.26
F,222.26
F,222.26
F,222.26
F,222.26
F,222.26
F,222.26
F,222.5
F,222.5
F,222.5
F,222.5
F,222.5
F,222.5
F,222.5
F,222.5
F,222.5
F,222.5
F,222.5
F,222.5
F,222.5
F,222.5
F,222.5
F,222.5
F,222.5
F,222.5
F,222.5
F,222.5
F,222.5
F,222.5
F,222.5
F,222.5
F,222.5
F,222.5
F,222.5
F,222.5
F,222.5
F,222.5
F,222.5
F,222.5
F,222.5
F,222.5
F,222.5
F,222.5
F,222.5
F,222.5
F,222.5
F,222.5
F,222.5
F,222.5
F,222.5
F,222.5
F,222.5
F,222.5
F,222.5
F,222.5
F,222.5
F,222.5
F,222.5
F,222.5
F,222.5
F,222.5
F,222.5
F,222.5
F,222.5
F,223.0
F,224.0
F,224.53
F,224.53
F,224.53
F,224.53
F,224.53
F,224.53
F,224.53
F,224.53
F,225.0
F,225.0
F,225.0
F,225.0
F,225.0
F,225.0
F,225.0
F,225.0
F,225.0
F,225.0
F,225.0
F,225.0
F,225.0
F,225.0
F,225.0
F,225.0
F,225.0
F,225.0
F,225.0
F,225.0
F,225.0
F,225.0
F,225.0
F,225.0
F,225.0
F,225.0
F,225.0
F,225.0
F,225.0
F,225.0
F,225.0
F,225.0
F,225.0
F,225.0
F,225.0
F,225.0
F,225.0
F,225.0
F,225.0
F,225.0
F,225.0
F,225.0
F,225.0
F,225.0
F,225.0
F,225.0
F,225.0
F,225.0
F,225.0
F,225.0
F,225.0
F,225.0
F,225.0
F,225.0
F,225.0
F,225.0
F,225.0
F,225.0
F,225.0
F,225.0
F,225.0
F,225.0
F,225.0
F,225.0
F,225.0
F,225.0
F,225.0
F,225.02820282028262
F,226.0
F,226.8
F,226.8
F,226.8
F,226.8
F,226.8
F,226.8
F,226.8
F,226.8
F,226.8
F,227.0
F,227.5
F,227.5
F,227.5
F,227.5
F,227.5
F,227.5
F,227.5
F,227.5
F,227.5
F,227.5
F,227.5
F,227.5
F,227.5
F,227.5
F,227.5
F,227.5
F,227.5
F,227.5
F,227.5
F,227.5
F,227.5
F,227.5
F,227.5
F,227.5
F,227.5
F,227.5
F,227.5
F,227.5
F,227.5
F,227.5
F,227.5
F,227.5
F,227.5
F,227.5
F,227.5
F,227.5
F,227.5
F,227.5
F,227.5
F,227.5
F,227.5
F,227.5
F,227.5
F,227.5
F,227.5
F,227.5
F,227.5
F,227.5
F,227.5
F,227.5
F,227.5
F,227.5
F,227.5
F,227.5
F,227.5
F,227.5
F,227.5
F,227.5
F,227.5
F,227.5
F,227.5
F,227.5
F,227.5
F,227.5
F,228.0
F,228.0
F,229.0
F,229.06
F,229.06
F,229.06
F,229.06
F,229.06
F,229.06
F,229.06
F,230.0
F,230.0
F,230.0
F,230.0
F,230.0
F,230.0
F,230.0
F,230.0
F,230.0
F,230.0
F,230.0
F,230.0
F,230.0
F,230.0
F,230.0
F,230.0
F,230.0
F,230.0
F,230.0
F,230.0
F,230.0
F,230.0
F,230.0
F,230.0
F,230.0
F,230.0
F,230.0
F,230.0
F,230.0
F,230.0
F,230.0
F,230.0
F,230.0
F,230.0
F,230.0
F,230.0
F,230.0
F,230.0
F,230.0
F,230.0
F,230.0
F,230.0
F,230.0
F,230.0
F,230.0
F,230.0
F,230.0
F,230.0
F,230.0
F,230.0
F,230.0
F,230.0
F,230.0
F,230.0
F,230.0
F,230.0
F,230.0
F,230.0
F,230.0
F,230.0
F,230.0
F,230.0
F,230.0
F,230.0
F,230.0
F,230.0
F,230.0
F,230.0
F,230.0
F,230.0
F,230.0
F,230.0
F,230.0
F,230.0
F,230.0
F,230.01070107010747
F,231.0
F,231.33
F,231.33
F,231.33
F,231.33
F,231.33
F,231.33
F,231.33
F,231.33
F,232.0
F,232.5
F,232.5
F,232.5
F,232.5
F,232.5
F,232.5
F,232.5
F,232.5
F,232.5
F,232.5
F,232.5
F,232.5
F,232.5
F,232.5
F,232.5
F,232.5
F,232.5
F,232.5
F,232.5
F,232.5
F,232.5
F,232.5
F,232.5
F,232.5
F,232.5
F,232.5
F,232.5
F,232.5
F,232.5
F,232.5
F,232.5
F,232.5
F,232.5
F,232.5
F,232.5
F,232.5
F,232.5
F,232.5
F,232.5
F,232.5
F,232.5
F,232.5
F,232.5
F,232.5
F,232.5
F,232.5
F,232.5
F,232.5
F,232.5
F,232.5
F,232.5
F,232.5
F,232.5
F,232.5
F,232.5
F,232.5
F,232.5
F,232.5
F,232.5
F,232.5
F,232.5
F,232.5
F,232.5
F,232.5
F,232.5
F,232.5
F,232.5
F,233.0
F,233.6
F,233.6
F,233.6
F,233.6
F,233.6
F,233.6
F,233.6
F,233.6
F,234.0
F,235.0
F,235.0
F,235.0
F,235.0
F,235.0
F,235.0
F,235.0
F,235.0
F,235.0
F,235.0
F,235.0
F,235.0
F,235.0
F,235.0
F,235.0
F,235.0
F,235.0
F,235.0
F,235.0
F,235.0
F,235.0
F,235.0
F,235.0
F,235.0
F,235.0
F,235.0
F,235.0
F,235.0
F,235.0
F,235.0
F,235.0
F,235.0
F,235.0
F,235.0
F,235.0
F,235.0
F,235.0
F,235.0
F,235.0
F,235.0
F,235.0
F,235.0
F,235.0
F,235.0
F,235.0
F,235.0
F,235.0
F,235.0
F,235.0
F,235.0
F,235.0
F,235.0
F,235.0
F,235.0
F,235.0
F,235.0
F,235.0
F,235.0
F,235.0
F,235.0
F,235.0
F,235.0
F,235.0
F,235.0
F,235.0
F,235.0
F,235.0
F,235.0
F,235.0
F,235.0
F,235.0
F,235.0
F,235.0
F,235.0
F,235.0
F,235.0
F,235.0
F,235.0
F,235.0
F,235.5
F,235.87
F,235.87
F,235.87
F,235.87
F,235.87
F,235.87
F,235.87
F,236.0
F,237.0
F,237.5
F,237.5
F,237.5
F,237.5
F,237.5
F,237.5
F,237.5
F,237.5
F,237.5
F,237.5
F,237.5
F,237.5
F,237.5
F,237.5
F,237.5
F,237.5
F,237.5
F,237.5
F,237.5
F,237.5
F,237.5
F,237.5
F,237.5
F,237.5
F,237.5
F,237.5
F,237.5
F,237.5
F,237.5
F,237.5
F,237.5
F,237.5
F,237.5
F,237.5
F,237.5
F,237.5
F,237.5
F,237.5
F,237.5
F,237.5
F,237.5
F,237.5
F,237.5
F,237.5
F,237.5
F,237.5
F,237.5
F,237.5
F,237.5
F,237.5
F,237.5
F,237.5
F,237.5
F,237.5
F,237.5
F,237.5
F,237.5
F,237.5
F,237.5
F,237.5
F,237.5
F,237.5
F,237.5
F,237.5
F,237.5
F,237.5
F,237.5
F,237.5
F,237.5
F,237.5
F,237.5
F,237.5
F,238.0
F,238.14
F,238.14
F,238.14
F,238.14
F,238.14
F,238.14
F,238.14
F,238.14
F,238.81576857685687
F,239.84699069907006
F,240.0
F,240.0
F,240.0
F,240.0
F,240.0
F,240.0
F,240.0
F,240.0
F,240.0
F,240.0
F,240.0
F,240.0
F,240.0
F,240.0
F,240.0
F,240.0
F,240.0
F,240.0
F,240.0
F,240.0
F,240.0
F,240.0
F,240.0
F,240.0
F,240.0
F,240.0
F,240.0
F,240.0
F,240.0
F,240.0
F,240.0
F,240.0
F,240.0
F,240.0
F,240.0
F,240.0
F,240.0
F,240.0
F,240.0
F,240.0
F,240.0
F,240.0
F,240.0
F,240.0
F,240.0
F,240.0
F,240.0
F,240.0
F,240.0
F,240.0
F,240.0
F,240.0
F,240.0
F,240.0
F,240.0
F,240.0
F,240.0
F,240.0
F,240.0
F,240.0
F,240.0
F,240.0
F,240.0
F,240.0
F,240.0
F,240.0
F,240.0
F,240.0
F,240.0
F,240.0
F,240.0
F,240.0
F,240.0
F,240.0
F,240.0
F,240.0
F,240.0
F,240.0
F,240.0
F,240.0
F,240.0
F,240.0
F,240.0
F,240.0
F,240.0
F,240.4
F,240.4
F,240.4
F,240.4
F,240.4
F,240.4
F,240.4
F,240.4
F,240.5
F,241.0
F,241.5
F,242.0
F,242.5
F,242.5
F,242.5
F,242.5
F,242.5
F,242.5
F,242.5
F,242.5
F,242.5
F,242.5
F,242.5
F,242.5
F,242.5
F,242.5
F,242.5
F,242.5
F,242.5
F,242.5
F,242.5
F,242.5
F,242.5
F,242.5
F,242.5
F,242.5
F,242.5
F,242.5
F,242.5
F,242.5
F,242.5
F,242.5
F,242.5
F,242.5
F,242.5
F,242.5
F,242.5
F,242.5
F,242.5
F,242.5
F,242.5
F,242.5
F,242.5
F,242.5
F,242.5
F,242.5
F,242.5
F,242.5
F,242.5
F,242.5
F,242.5
F,242.5
F,242.5
F,242.5
F,242.5
F,242.5
F,242.5
F,242.5
F,242.5
F,242.5
F,242.5
F,242.5
F,242.5
F,242.5
F,242.5
F,242.5
F,242.5
F,242.5
F,242.5
F,242.5
F,242.5
F,242.5
F,242.5
F,242.5
F,242.5
F,242.5
F,242.5
F,242.5
F,242.5
F,242.5
F,242.5
F,242.5
F,242.67
F,242.67
F,242.67
F,242.67
F,242.67
F,242.67
F,242.67
F,242.67
F,243.0
F,243.0
F,244.0
F,244.9
F,244.94
F,244.94
F,244.94
F,244.94
F,244.94
F,244.94
F,244.94
F,244.99629862986302
F,245.0
F,245.0
F,245.0
F,245.0
F,245.0
F,245.0
F,245.0
F,245.0
F,245.0
F,245.0
F,245.0
F,245.0
F,245.0
F,245.0
F,245.0
F,245.0
F,245.0
F,245.0
F,245.0
F,245.0
F,245.0
F,245.0
F,245.0
F,245.0
F,245.0
F,245.0
F,245.0
F,245.0
F,245.0
F,245.0
F,245.0
F,245.0
F,245.0
F,245.0
F,245.0
F,245.0
F,245.0
F,245.0
F,245.0
F,245.0
F,245.0
F,245.0
F,245.0
F,245.0
F,245.0
F,245.0
F,245.0
F,245.0
F,245.0
F,245.0
F,245.0
F,245.0
F,245.0
F,245.0
F,245.0
F,245.0
F,245.0
F,245.0
F,245.0
F,245.0
F,245.0
F,245.0
F,245.0
F,245.0
F,245.0
F,245.0
F,245.0
F,245.0
F,245.0
F,245.0
F,245.0
F,245.0
F,245.0
F,245.0
F,245.0
F,245.0
F,245.0
F,245.0
F,245.0
F,245.0
F,245.0
F,245.0
F,245.0
F,245.0
F,245.0
F,245.0
F,245.0
F,245.0
F,245.0
F,245.0
F,245.5
F,246.0
F,246.6819181918181
F,247.2
F,247.21
F,247.21
F,247.21
F,247.21
F,247.21
F,247.21
F,247.21
F,247.5
F,247.5
F,247.5
F,247.5
F,247.5
F,247.5
F,247.5
F,247.5
F,247.5
F,247.5
F,247.5
F,247.5
F,247.5
F,247.5
F,247.5
F,247.5
F,247.5
F,247.5
F,247.5
F,247.5
F,247.5
F,247.5
F,247.5
F,247.5
F,247.5
F,247.5
F,247.5
F,247.5
F,247.5
F,247.5
F,247.5
F,247.5
F,247.5
F,247.5
F,247.5
F,247.5
F,247.5
F,247.5
F,247.5
F,247.5
F,247.5
F,247.5
F,247.5
F,247.5
F,247.5
F,247.5
F,247.5
F,247.5
F,247.5
F,247.5
F,247.5
F,247.5
F,247.5
F,247.5
F,247.5
F,247.5
F,247.5
F,247.5
F,247.5
F,247.5
F,247.5
F,247.5
F,247.5
F,247.5
F,247.5
F,247.5
F,247.5
F,247.5
F,247.5
F,247.5
F,247.5
F,247.5
F,247.5
F,247.5
F,247.5
F,247.5
F,247.5
F,247.5
F,247.5
F,247.5
F,247.5
F,247.5
F,247.5
F,247.5
F,248.0
F,248.5
F,249.0
F,249.48
F,249.48
F,249.48
F,249.48
F,249.48
F,249.48
F,249.5
F,250.0
F,250.0
F,250.0
F,250.0
F,250.0
F,250.0
F,250.0
F,250.0
F,250.0
F,250.0
F,250.0
F,250.0
F,250.0
F,250.0
F,250.0
F,250.0
F,250.0
F,250.0
F,250.0
F,250.0
F,250.0
F,250.0
F,250.0
F,250.0
F,250.0
F,250.0
F,250.0
F,250.0
F,250.0
F,250.0
F,250.0
F,250.0
F,250.0
F,250.0
F,250.0
F,250.0
F,250.0
F,250.0
F,250.0
F,250.0
F,250.0
F,250.0
F,250.0
F,250.0
F,250.0
F,250.0
F,250.0
F,250.0
F,250.0
F,250.0
F,250.0
F,250.0
F,250.0
F,250.0
F,250.0
F,250.0
F,250.0
F,250.0
F,250.0
F,250.0
F,250.0
F,250.0
F,250.0
F,250.0
F,250.0
F,250.0
F,250.0
F,250.0
F,250.0
F,250.0
F,250.0
F,250.0
F,250.0
F,250.0
F,250.0
F,250.0
F,250.0
F,250.0
F,250.0
F,250.0
F,250.0
F,250.0
F,250.0
F,250.0
F,250.0
F,250.0
F,250.0
F,250.0
F,250.0
F,250.0
F,250.0
F,250.0
F,250.0
F,250.0
F,250.0
F,250.0
F,250.0
F,250.0
F,250.0
F,250.0
F,250.5
F,251.0
F,251.5
F,251.74
F,251.74
F,251.74
F,251.74
F,251.74
F,251.74
F,251.74
F,252.0
F,252.5
F,252.5
F,252.5
F,252.5
F,252.5
F,252.5
F,252.5
F,252.5
F,252.5
F,252.5
F,252.5
F,252.5
F,252.5
F,252.5
F,252.5
F,252.5
F,252.5
F,252.5
F,252.5
F,252.5
F,252.5
F,252.5
F,252.5
F,252.5
F,252.5
F,252.5
F,252.5
F,252.5
F,252.5
F,252.5
F,252.5
F,252.5
F,252.5
F,252.5
F,252.5
F,252.5
F,252.5
F,252.5
F,252.5
F,252.5
F,252.5
F,252.5
F,252.5
F,252.5
F,252.5
F,252.5
F,252.5
F,252.5
F,252.5
F,252.5
F,252.5
F,252.5
F,252.5
F,252.5
F,252.5
F,252.5
F,252.5
F,252.5
F,252.5
F,252.5
F,252.5
F,252.5
F,252.5
F,252.5
F,252.5
F,252.5
F,252.5
F,252.5
F,252.5
F,252.5
F,252.5
F,252.5
F,252.5
F,252.5
F,252.5
F,252.5
F,252.5
F,252.5
F,252.5
F,252.5
F,252.5
F,252.5
F,252.5
F,252.5
F,252.5
F,252.5
F,252.5
F,252.5
F,252.5
F,252.5
F,253.0
F,253.0
F,253.40367036703975
F,254.0
F,254.01
F,254.01
F,254.01
F,254.01
F,254.01
F,254.01
F,254.01
F,255.0
F,255.0
F,255.0
F,255.0
F,255.0
F,255.0
F,255.0
F,255.0
F,255.0
F,255.0
F,255.0
F,255.0
F,255.0
F,255.0
F,255.0
F,255.0
F,255.0
F,255.0
F,255.0
F,255.0
F,255.0
F,255.0
F,255.0
F,255.0
F,255.0
F,255.0
F,255.0
F,255.0
F,255.0
F,255.0
F,255.0
F,255.0
F,255.0
F,255.0
F,255.0
F,255.0
F,255.0
F,255.0
F,255.0
F,255.0
F,255.0
F,255.0
F,255.0
F,255.0
F,255.0
F,255.0
F,255.0
F,255.0
F,255.0
F,255.0
F,255.0
F,255.0
F,255.0
F,255.0
F,255.0
F,255.0
F,255.0
F,255.0
F,255.0
F,255.0
F,255.0
F,255.0
F,255.0
F,255.0
F,255.0
F,255.0
F,255.0
F,255.0
F,255.0
F,255.0
F,255.0
F,255.0
F,255.0
F,255.0
F,255.0
F,255.0
F,255.0
F,255.0
F,255.0
F,255.0
F,255.0
F,255.0
F,255.0
F,255.0
F,255.0
F,255.0
F,255.0
F,255.0
F,255.0
F,255.0
F,255.0
F,255.0
F,255.0
F,255.0
F,255.0
F,255.0
F,255.0
F,255.0
F,255.0
F,255.0
F,255.0
F,255.5
F,256.0
F,256.0
F,256.28
F,256.28
F,256.28
F,256.28
F,256.28
F,256.28
F,256.28
F,257.0
F,257.5
F,257.5
F,257.5
F,257.5
F,257.5
F,257.5
F,257.5
F,257.5
F,257.5
F,257.5
F,257.5
F,257.5
F,257.5
F,257.5
F,257.5
F,257.5
F,257.5
F,257.5
F,257.5
F,257.5
F,257.5
F,257.5
F,257.5
F,257.5
F,257.5
F,257.5
F,257.5
F,257.5
F,257.5
F,257.5
F,257.5
F,257.5
F,257.5
F,257.5
F,257.5
F,257.5
F,257.5
F,257.5
F,257.5
F,257.5
F,257.5
F,257.5
F,257.5
F,257.5
F,257.5
F,257.5
F,257.5
F,257.5
F,257.5
F,257.5
F,257.5
F,257.5
F,257.5
F,257.5
F,257.5
F,257.5
F,257.5
F,257.5
F,257.5
F,257.5
F,257.5
F,257.5
F,257.5
F,257.5
F,257.5
F,257.5
F,257.5
F,257.5
F,257.5
F,257.5
F,257.5
F,257.5
F,257.5
F,257.5
F,257.5
F,257.5
F,257.5
F,257.5
F,257.5
F,257.5
F,257.5
F,257.5
F,257.5
F,257.5
F,257.5
F,257.5
F,257.5
F,257.5
F,257.5
F,257.5
F,257.5
F,257.5
F,257.5
F,257.5
F,257.5
F,258.0
F,258.0
F,258.5
F,258.55
F,258.55
F,258.55
F,258.55
F,258.55
F,258.55
F,258.55
F,258.69336933693853
F,259.4945194519452
F,260.0
F,260.0
F,260.0
F,260.0
F,260.0
F,260.0
F,260.0
F,260.0
F,260.0
F,260.0
F,260.0
F,260.0
F,260.0
F,260.0
F,260.0
F,260.0
F,260.0
F,260.0
F,260.0
F,260.0
F,260.0
F,260.0
F,260.0
F,260.0
F,260.0
F,260.0
F,260.0
F,260.0
F,260.0
F,260.0
F,260.0
F,260.0
F,260.0
F,260.0
F,260.0
F,260.0
F,260.0
F,260.0
F,260.0
F,260.0
F,260.0
F,260.0
F,260.0
F,260.0
F,260.0
F,260.0
F,260.0
F,260.0
F,260.0
F,260.0
F,260.0
F,260.0
F,260.0
F,260.0
F,260.0
F,260.0
F,260.0
F,260.0
F,260.0
F,260.0
F,260.0
F,260.0
F,260.0
F,260.0
F,260.0
F,260.0
F,260.0
F,260.0
F,260.0
F,260.0
F,260.0
F,260.0
F,260.0
F,260.0
F,260.0
F,260.0
F,260.0
F,260.0
F,260.0
F,260.0
F,260.0
F,260.0
F,260.0
F,260.0
F,260.0
F,260.0
F,260.0
F,260.0
F,260.0
F,260.0
F,260.0
F,260.0
F,260.0
F,260.0
F,260.0
F,260.0
F,260.0
F,260.0
F,260.0
F,260.0
F,260.0
F,260.0
F,260.0
F,260.0
F,260.0
F,260.0
F,260.0
F,260.0
F,260.0
F,260.5
F,260.8
F,260.82
F,260.82
F,260.82
F,260.82
F,260.82
F,260.82
F,261.0
F,261.0
F,262.0
F,262.5
F,262.5
F,262.5
F,262.5
F,262.5
F,262.5
F,262.5
F,262.5
F,262.5
F,262.5
F,262.5
F,262.5
F,262.5
F,262.5
F,262.5
F,262.5
F,262.5
F,262.5
F,262.5
F,262.5
F,262.5
F,262.5
F,262.5
F,262.5
F,262.5
F,262.5
F,262.5
F,262.5
F,262.5
F,262.5
F,262.5
F,262.5
F,262.5
F,262.5
F,262.5
F,262.5
F,262.5
F,262.5
F,262.5
F,262.5
F,262.5
F,262.5
F,262.5
F,262.5
F,262.5
F,262.5
F,262.5
F,262.5
F,262.5
F,262.5
F,262.5
F,262.5
F,262.5
F,262.5
F,262.5
F,262.5
F,262.5
F,262.5
F,262.5
F,262.5
F,262.5
F,262.5
F,262.5
F,262.5
F,262.5
F,262.5
F,262.5
F,262.5
F,262.5
F,262.5
F,262.5
F,262.5
F,262.5
F,262.5
F,262.5
F,262.5
F,262.5
F,262.5
F,262.5
F,262.5
F,262.5
F,262.5
F,262.5
F,262.5
F,262.5
F,262.5
F,262.5
F,262.5
F,262.5
F,262.5
F,262.5
F,262.5
F,262.5
F,262.5
F,262.5
F,262.5
F,262.5
F,262.5
F,262.5
F,262.5
F,262.5
F,262.5
F,262.5
F,262.5
F,263.0
F,263.0
F,263.08
F,263.08
F,263.08
F,263.08
F,263.08
F,263.08
F,263.1
F,264.0
F,264.9
F,265.0
F,265.0
F,265.0
F,265.0
F,265.0
F,265.0
F,265.0
F,265.0
F,265.0
F,265.0
F,265.0
F,265.0
F,265.0
F,265.0
F,265.0
F,265.0
F,265.0
F,265.0
F,265.0
F,265.0
F,265.0
F,265.0
F,265.0
F,265.0
F,265.0
F,265.0
F,265.0
F,265.0
F,265.0
F,265.0
F,265.0
F,265.0
F,265.0
F,265.0
F,265.0
F,265.0
F,265.0
F,265.0
F,265.0
F,265.0
F,265.0
F,265.0
F,265.0
F,265.0
F,265.0
F,265.0
F,265.0
F,265.0
F,265.0
F,265.0
F,265.0
F,265.0
F,265.0
F,265.0
F,265.0
F,265.0
F,265.0
F,265.0
F,265.0
F,265.0
F,265.0
F,265.0
F,265.0
F,265.0
F,265.0
F,265.0
F,265.0
F,265.0
F,265.0
F,265.0
F,265.0
F,265.0
F,265.0
F,265.0
F,265.0
F,265.0
F,265.0
F,265.0
F,265.0
F,265.0
F,265.0
F,265.0
F,265.0
F,265.0
F,265.0
F,265.0
F,265.0
F,265.0
F,265.0
F,265.0
F,265.0
F,265.0
F,265.0
F,265.0
F,265.0
F,265.0
F,265.0
F,265.0
F,265.0
F,265.0
F,265.0
F,265.0
F,265.0
F,265.0
F,265.0
F,265.0
F,265.0
F,265.0
F,265.0
F,265.0
F,265.0
F,265.0
F,265.35
F,265.35
F,265.35
F,265.35
F,265.35
F,265.35
F,265.35
F,265.5
F,265.81
F,266.0
F,267.0
F,267.5
F,267.5
F,267.5
F,267.5
F,267.5
F,267.5
F,267.5
F,267.5
F,267.5
F,267.5
F,267.5
F,267.5
F,267.5
F,267.5
F,267.5
F,267.5
F,267.5
F,267.5
F,267.5
F,267.5
F,267.5
F,267.5
F,267.5
F,267.5
F,267.5
F,267.5
F,267.5
F,267.5
F,267.5
F,267.5
F,267.5
F,267.5
F,267.5
F,267.5
F,267.5
F,267.5
F,267.5
F,267.5
F,267.5
F,267.5
F,267.5
F,267.5
F,267.5
F,267.5
F,267.5
F,267.5
F,267.5
F,267.5
F,267.5
F,267.5
F,267.5
F,267.5
F,267.5
F,267.5
F,267.5
F,267.5
F,267.5
F,267.5
F,267.5
F,267.5
F,267.5
F,267.5
F,267.5
F,267.5
F,267.5
F,267.5
F,267.5
F,267.5
F,267.5
F,267.5
F,267.5
F,267.5
F,267.5
F,267.5
F,267.5
F,267.5
F,267.5
F,267.5
F,267.5
F,267.5
F,267.5
F,267.5
F,267.5
F,267.5
F,267.5
F,267.5
F,267.5
F,267.5
F,267.5
F,267.5
F,267.5
F,267.5
F,267.5
F,267.5
F,267.5
F,267.5
F,267.5
F,267.5
F,267.5
F,267.5
F,267.5
F,267.5
F,267.5
F,267.5
F,267.5
F,267.62
F,267.62
F,267.62
F,267.62
F,267.62
F,267.62
F,267.62
F,268.0
F,268.0
F,268.5
F,269.0
F,269.89
F,269.89
F,269.89
F,269.89
F,269.89
F,269.89
F,269.89
F,270.0
F,270.0
F,270.0
F,270.0
F,270.0
F,270.0
F,270.0
F,270.0
F,270.0
F,270.0
F,270.0
F,270.0
F,270.0
F,270.0
F,270.0
F,270.0
F,270.0
F,270.0
F,270.0
F,270.0
F,270.0
F,270.0
F,270.0
F,270.0
F,270.0
F,270.0
F,270.0
F,270.0
F,270.0
F,270.0
F,270.0
F,270.0
F,270.0
F,270.0
F,270.0
F,270.0
F,270.0
F,270.0
F,270.0
F,270.0
F,270.0
F,270.0
F,270.0
F,270.0
F,270.0
F,270.0
F,270.0
F,270.0
F,270.0
F,270.0
F,270.0
F,270.0
F,270.0
F,270.0
F,270.0
F,270.0
F,270.0
F,270.0
F,270.0
F,270.0
F,270.0
F,270.0
F,270.0
F,270.0
F,270.0
F,270.0
F,270.0
F,270.0
F,270.0
F,270.0
F,270.0
F,270.0
F,270.0
F,270.0
F,270.0
F,270.0
F,270.0
F,270.0
F,270.0
F,270.0
F,270.0
F,270.0
F,270.0
F,270.0
F,270.0
F,270.0
F,270.0
F,270.0
F,270.0
F,270.0
F,270.0
F,270.0
F,270.0
F,270.0
F,270.0
F,270.0
F,270.0
F,270.0
F,270.0
F,270.0
F,270.0
F,270.0
F,270.0
F,270.0
F,270.0
F,270.0
F,270.0
F,270.0
F,270.0
F,270.0
F,270.0
F,270.0
F,270.0
F,270.0
F,270.0
F,270.0
F,270.0
F,270.0
F,270.0
F,270.0
F,270.0
F,270.5
F,270.5
F,271.0
F,271.5
F,272.0
F,272.16
F,272.16
F,272.16
F,272.16
F,272.16
F,272.16
F,272.5
F,272.5
F,272.5
F,272.5
F,272.5
F,272.5
F,272.5
F,272.5
F,272.5
F,272.5
F,272.5
F,272.5
F,272.5
F,272.5
F,272.5
F,272.5
F,272.5
F,272.5
F,272.5
F,272.5
F,272.5
F,272.5
F,272.5
F,272.5
F,272.5
F,272.5
F,272.5
F,272.5
F,272.5
F,272.5
F,272.5
F,272.5
F,272.5
F,272.5
F,272.5
F,272.5
F,272.5
F,272.5
F,272.5
F,272.5
F,272.5
F,272.5
F,272.5
F,272.5
F,272.5
F,272.5
F,272.5
F,272.5
F,272.5
F,272.5
F,272.5
F,272.5
F,272.5
F,272.5
F,272.5
F,272.5
F,272.5
F,272.5
F,272.5
F,272.5
F,272.5
F,272.5
F,272.5
F,272.5
F,272.5
F,272.5
F,272.5
F,272.5
F,272.5
F,272.5
F,272.5
F,272.5
F,272.5
F,272.5
F,272.5
F,272.5
F,272.5
F,272.5
F,272.5
F,272.5
F,272.5
F,272.5
F,272.5
F,272.5
F,272.5
F,272.5
F,272.5
F,272.5
F,272.5
F,272.5
F,272.5
F,272.5
F,272.5
F,272.5
F,272.5
F,272.5
F,272.5
F,272.5
F,272.5
F,272.5
F,272.5
F,272.5
F,272.5
F,272.5
F,272.5
F,272.5
F,272.5
F,272.5
F,272.5
F,272.5
F,272.5
F,272.5
F,272.5
F,273.0
F,273.0
F,273.0
F,273.5
F,274.4
F,274.42
F,274.42
F,274.42
F,274.42
F,274.42
F,274.42
F,274.42
F,275.0
F,275.0
F,275.0
F,275.0
F,275.0
F,275.0
F,275.0
F,275.0
F,275.0
F,275.0
F,275.0
F,275.0
F,275.0
F,275.0
F,275.0
F,275.0
F,275.0
F,275.0
F,275.0
F,275.0
F,275.0
F,275.0
F,275.0
F,275.0
F,275.0
F,275.0
F,275.0
F,275.0
F,275.0
F,275.0
F,275.0
F,275.0
F,275.0
F,275.0
F,275.0
F,275.0
F,275.0
F,275.0
F,275.0
F,275.0
F,275.0
F,275.0
F,275.0
F,275.0
F,275.0
F,275.0
F,275.0
F,275.0
F,275.0
F,275.0
F,275.0
F,275.0
F,275.0
F,275.0
F,275.0
F,275.0
F,275.0
F,275.0
F,275.0
F,275.0
F,275.0
F,275.0
F,275.0
F,275.0
F,275.0
F,275.0
F,275.0
F,275.0
F,275.0
F,275.0
F,275.0
F,275.0
F,275.0
F,275.0
F,275.0
F,275.0
F,275.0
F,275.0
F,275.0
F,275.0
F,275.0
F,275.0
F,275.0
F,275.0
F,275.0
F,275.0
F,275.0
F,275.0
F,275.0
F,275.0
F,275.0
F,275.0
F,275.0
F,275.0
F,275.0
F,275.0
F,275.0
F,275.0
F,275.0
F,275.0
F,275.0
F,275.0
F,275.0
F,275.0
F,275.0
F,275.0
F,275.0
F,275.0
F,275.0
F,275.0
F,275.0
F,275.0
F,275.0
F,275.0
F,275.0
F,275.0
F,275.0
F,275.0
F,275.0
F,275.5
F,276.0
F,276.0
F,276.69
F,276.69
F,276.69
F,276.69
F,276.69
F,276.69
F,276.7
F,277.0
F,277.5
F,277.5
F,277.5
F,277.5
F,277.5
F,277.5
F,277.5
F,277.5
F,277.5
F,277.5
F,277.5
F,277.5
F,277.5
F,277.5
F,277.5
F,277.5
F,277.5
F,277.5
F,277.5
F,277.5
F,277.5
F,277.5
F,277.5
F,277.5
F,277.5
F,277.5
F,277.5
F,277.5
F,277.5
F,277.5
F,277.5
F,277.5
F,277.5
F,277.5
F,277.5
F,277.5
F,277.5
F,277.5
F,277.5
F,277.5
F,277.5
F,277.5
F,277.5
F,277.5
F,277.5
F,277.5
F,277.5
F,277.5
F,277.5
F,277.5
F,277.5
F,277.5
F,277.5
F,277.5
F,277.5
F,277.5
F,277.5
F,277.5
F,277.5
F,277.5
F,277.5
F,277.5
F,277.5
F,277.5
F,277.5
F,277.5
F,277.5
F,277.5
F,277.5
F,277.5
F,277.5
F,277.5
F,277.5
F,277.5
F,277.5
F,277.5
F,277.5
F,277.5
F,277.5
F,277.5
F,277.5
F,277.5
F,277.5
F,277.5
F,277.5
F,277.5
F,277.5
F,277.5
F,277.5
F,277.5
F,277.5
F,277.5
F,277.5
F,277.5
F,277.5
F,277.5
F,277.5
F,277.5
F,277.5
F,277.5
F,277.5
F,277.5
F,277.5
F,277.5
F,277.5
F,277.5
F,277.5
F,277.5
F,277.5
F,278.0
F,278.0
F,278.5
F,278.96
F,278.96
F,278.96
F,278.96
F,278.96
F,279.0
F,279.5
F,280.0
F,280.0
F,280.0
F,280.0
F,280.0
F,280.0
F,280.0
F,280.0
F,280.0
F,280.0
F,280.0
F,280.0
F,280.0
F,280.0
F,280.0
F,280.0
F,280.0
F,280.0
F,280.0
F,280.0
F,280.0
F,280.0
F,280.0
F,280.0
F,280.0
F,280.0
F,280.0
F,280.0
F,280.0
F,280.0
F,280.0
F,280.0
F,280.0
F,280.0
F,280.0
F,280.0
F,280.0
F,280.0
F,280.0
F,280.0
F,280.0
F,280.0
F,280.0
F,280.0
F,280.0
F,280.0
F,280.0
F,280.0
F,280.0
F,280.0
F,280.0
F,280.0
F,280.0
F,280.0
F,280.0
F,280.0
F,280.0
F,280.0
F,280.0
F,280.0
F,280.0
F,280.0
F,280.0
F,280.0
F,280.0
F,280.0
F,280.0
F,280.0
F,280.0
F,280.0
F,280.0
F,280.0
F,280.0
F,280.0
F,280.0
F,280.0
F,280.0
F,280.0
F,280.0
F,280.0
F,280.0
F,280.0
F,280.0
F,280.0
F,280.0
F,280.0
F,280.0
F,280.0
F,280.0
F,280.0
F,280.0
F,280.0
F,280.0
F,280.0
F,280.0
F,280.0
F,280.0
F,280.0
F,280.0
F,280.0
F,280.0
F,280.0
F,280.0
F,280.0
F,280.0
F,280.0
F,280.0
F,280.0
F,280.0
F,280.0
F,280.0
F,280.0
F,280.0
F,280.0
F,280.0
F,280.0
F,280.0
F,280.0
F,280.0
F,280.0
F,280.0
F,280.0
F,280.0
F,280.0
F,280.0
F,280.0
F,280.0
F,280.5
F,280.5
F,281.0
F,281.2
F,281.23
F,281.23
F,281.23
F,281.23
F,281.23
F,281.23
F,281.68
F,282.2757655765631
F,282.5
F,282.5
F,282.5
F,282.5
F,282.5
F,282.5
F,282.5
F,282.5
F,282.5
F,282.5
F,282.5
F,282.5
F,282.5
F,282.5
F,282.5
F,282.5
F,282.5
F,282.5
F,282.5
F,282.5
F,282.5
F,282.5
F,282.5
F,282.5
F,282.5
F,282.5
F,282.5
F,282.5
F,282.5
F,282.5
F,282.5
F,282.5
F,282.5
F,282.5
F,282.5
F,282.5
F,282.5
F,282.5
F,282.5
F,282.5
F,282.5
F,282.5
F,282.5
F,282.5
F,282.5
F,282.5
F,282.5
F,282.5
F,282.5
F,282.5
F,282.5
F,282.5
F,282.5
F,282.5
F,282.5
F,282.5
F,282.5
F,282.5
F,282.5
F,282.5
F,282.5
F,282.5
F,282.5
F,282.5
F,282.5
F,282.5
F,282.5
F,282.5
F,282.5
F,282.5
F,282.5
F,282.5
F,282.5
F,282.5
F,282.5
F,282.5
F,282.5
F,282.5
F,282.5
F,282.5
F,282.5
F,282.5
F,282.5
F,282.5
F,282.5
F,282.5
F,282.5
F,282.5
F,282.5
F,282.5
F,282.5
F,282.5
F,282.5
F,282.5
F,282.5
F,282.5
F,282.5
F,282.5
F,282.5
F,282.5
F,282.5
F,282.5
F,282.5
F,282.5
F,282.5
F,282.5
F,282.5
F,282.5
F,282.5
F,282.5
F,282.5
F,282.5
F,282.5
F,282.5
F,282.5
F,283.0
F,283.0
F,283.0
F,283.5
F,283.5
F,283.5
F,283.5
F,283.5
F,283.5
F,283.5
F,284.0
F,285.0
F,285.0
F,285.0
F,285.0
F,285.0
F,285.0
F,285.0
F,285.0
F,285.0
F,285.0
F,285.0
F,285.0
F,285.0
F,285.0
F,285.0
F,285.0
F,285.0
F,285.0
F,285.0
F,285.0
F,285.0
F,285.0
F,285.0
F,285.0
F,285.0
F,285.0
F,285.0
F,285.0
F,285.0
F,285.0
F,285.0
F,285.0
F,285.0
F,285.0
F,285.0
F,285.0
F,285.0
F,285.0
F,285.0
F,285.0
F,285.0
F,285.0
F,285.0
F,285.0
F,285.0
F,285.0
F,285.0
F,285.0
F,285.0
F,285.0
F,285.0
F,285.0
F,285.0
F,285.0
F,285.0
F,285.0
F,285.0
F,285.0
F,285.0
F,285.0
F,285.0
F,285.0
F,285.0
F,285.0
F,285.0
F,285.0
F,285.0
F,285.0
F,285.0
F,285.0
F,285.0
F,285.0
F,285.0
F,285.0
F,285.0
F,285.0
F,285.0
F,285.0
F,285.0
F,285.0
F,285.0
F,285.0
F,285.0
F,285.0
F,285.0
F,285.0
F,285.0
F,285.0
F,285.0
F,285.0
F,285.0
F,285.0
F,285.0
F,285.0
F,285.0
F,285.0
F,285.0
F,285.0
F,285.0
F,285.0
F,285.0
F,285.0
F,285.0
F,285.0
F,285.0
F,285.0
F,285.0
F,285.0
F,285.0
F,285.0
F,285.0
F,285.0
F,285.0
F,285.0
F,285.0
F,285.0
F,285.0
F,285.0
F,285.0
F,285.0
F,285.0
F,285.0
F,285.0
F,285.0
F,285.0
F,285.0
F,285.0
F,285.0
F,285.5
F,285.5
F,285.76
F,285.76
F,285.76
F,285.76
F,285.76
F,285.76
F,286.0
F,286.0
F,287.0
F,287.5
F,287.5
F,287.5
F,287.5
F,287.5
F,287.5
F,287.5
F,287.5
F,287.5
F,287.5
F,287.5
F,287.5
F,287.5
F,287.5
F,287.5
F,287.5
F,287.5
F,287.5
F,287.5
F,287.5
F,287.5
F,287.5
F,287.5
F,287.5
F,287.5
F,287.5
F,287.5
F,287.5
F,287.5
F,287.5
F,287.5
F,287.5
F,287.5
F,287.5
F,287.5
F,287.5
F,287.5
F,287.5
F,287.5
F,287.5
F,287.5
F,287.5
F,287.5
F,287.5
F,287.5
F,287.5
F,287.5
F,287.5
F,287.5
F,287.5
F,287.5
F,287.5
F,287.5
F,287.5
F,287.5
F,287.5
F,287.5
F,287.5
F,287.5
F,287.5
F,287.5
F,287.5
F,287.5
F,287.5
F,287.5
F,287.5
F,287.5
F,287.5
F,287.5
F,287.5
F,287.5
F,287.5
F,287.5
F,287.5
F,287.5
F,287.5
F,287.5
F,287.5
F,287.5
F,287.5
F,287.5
F,287.5
F,287.5
F,287.5
F,287.5
F,287.5
F,287.5
F,287.5
F,287.5
F,287.5
F,287.5
F,287.5
F,287.5
F,287.5
F,287.5
F,287.5
F,287.5
F,287.5
F,287.5
F,287.5
F,287.5
F,287.5
F,287.5
F,287.5
F,287.5
F,287.5
F,287.5
F,287.5
F,287.5
F,287.5
F,287.5
F,287.5
F,287.5
F,287.5
F,287.5
F,287.5
F,287.5
F,287.5
F,287.5
F,287.5
F,287.5
F,288.0
F,288.0
F,288.0
F,288.03
F,288.03
F,288.03
F,288.03
F,288.03
F,288.03
F,288.9875307530747
F,289.0
F,290.0
F,290.0
F,290.0
F,290.0
F,290.0
F,290.0
F,290.0
F,290.0
F,290.0
F,290.0
F,290.0
F,290.0
F,290.0
F,290.0
F,290.0
F,290.0
F,290.0
F,290.0
F,290.0
F,290.0
F,290.0
F,290.0
F,290.0
F,290.0
F,290.0
F,290.0
F,290.0
F,290.0
F,290.0
F,290.0
F,290.0
F,290.0
F,290.0
F,290.0
F,290.0
F,290.0
F,290.0
F,290.0
F,290.0
F,290.0
F,290.0
F,290.0
F,290.0
F,290.0
F,290.0
F,290.0
F,290.0
F,290.0
F,290.0
F,290.0
F,290.0
F,290.0
F,290.0
F,290.0
F,290.0
F,290.0
F,290.0
F,290.0
F,290.0
F,290.0
F,290.0
F,290.0
F,290.0
F,290.0
F,290.0
F,290.0
F,290.0
F,290.0
F,290.0
F,290.0
F,290.0
F,290.0
F,290.0
F,290.0
F,290.0
F,290.0
F,290.0
F,290.0
F,290.0
F,290.0
F,290.0
F,290.0
F,290.0
F,290.0
F,290.0
F,290.0
F,290.0
F,290.0
F,290.0
F,290.0
F,290.0
F,290.0
F,290.0
F,290.0
F,290.0
F,290.0
F,290.0
F,290.0
F,290.0
F,290.0
F,290.0
F,290.0
F,290.0
F,290.0
F,290.0
F,290.0
F,290.0
F,290.0
F,290.0
F,290.0
F,290.0
F,290.0
F,290.0
F,290.0
F,290.0
F,290.0
F,290.0
F,290.0
F,290.0
F,290.0
F,290.0
F,290.0
F,290.0
F,290.0
F,290.0
F,290.0
F,290.0
F,290.0
F,290.3
F,290.3
F,290.3
F,290.3
F,290.3
F,290.3
F,290.5
F,291.0
F,291.0
F,292.0
F,292.5
F,292.5
F,292.5
F,292.5
F,292.5
F,292.5
F,292.5
F,292.5
F,292.5
F,292.5
F,292.5
F,292.5
F,292.5
F,292.5
F,292.5
F,292.5
F,292.5
F,292.5
F,292.5
F,292.5
F,292.5
F,292.5
F,292.5
F,292.5
F,292.5
F,292.5
F,292.5
F,292.5
F,292.5
F,292.5
F,292.5
F,292.5
F,292.5
F,292.5
F,292.5
F,292.5
F,292.5
F,292.5
F,292.5
F,292.5
F,292.5
F,292.5
F,292.5
F,292.5
F,292.5
F,292.5
F,292.5
F,292.5
F,292.5
F,292.5
F,292.5
F,292.5
F,292.5
F,292.5
F,292.5
F,292.5
F,292.5
F,292.5
F,292.5
F,292.5
F,292.5
F,292.5
F,292.5
F,292.5
F,292.5
F,292.5
F,292.5
F,292.5
F,292.5
F,292.5
F,292.5
F,292.5
F,292.5
F,292.5
F,292.5
F,292.5
F,292.5
F,292.5
F,292.5
F,292.5
F,292.5
F,292.5
F,292.5
F,292.5
F,292.5
F,292.5
F,292.5
F,292.5
F,292.5
F,292.5
F,292.5
F,292.5
F,292.5
F,292.5
F,292.5
F,292.5
F,292.5
F,292.5
F,292.5
F,292.5
F,292.5
F,292.5
F,292.5
F,292.5
F,292.5
F,292.5
F,292.5
F,292.5
F,292.5
F,292.5
F,292.5
F,292.5
F,292.5
F,292.5
F,292.5
F,292.5
F,292.5
F,292.5
F,292.5
F,292.5
F,292.5
F,292.57
F,292.57
F,292.57
F,292.57
F,292.57
F,292.6
F,293.0
F,293.0
F,293.5
F,294.0
F,294.5
F,294.84
F,294.84
F,294.84
F,294.84
F,294.84
F,295.0
F,295.0
F,295.0
F,295.0
F,295.0
F,295.0
F,295.0
F,295.0
F,295.0
F,295.0
F,295.0
F,295.0
F,295.0
F,295.0
F,295.0
F,295.0
F,295.0
F,295.0
F,295.0
F,295.0
F,295.0
F,295.0
F,295.0
F,295.0
F,295.0
F,295.0
F,295.0
F,295.0
F,295.0
F,295.0
F,295.0
F,295.0
F,295.0
F,295.0
F,295.0
F,295.0
F,295.0
F,295.0
F,295.0
F,295.0
F,295.0
F,295.0
F,295.0
F,295.0
F,295.0
F,295.0
F,295.0
F,295.0
F,295.0
F,295.0
F,295.0
F,295.0
F,295.0
F,295.0
F,295.0
F,295.0
F,295.0
F,295.0
F,295.0
F,295.0
F,295.0
F,295.0
F,295.0
F,295.0
F,295.0
F,295.0
F,295.0
F,295.0
F,295.0
F,295.0
F,295.0
F,295.0
F,295.0
F,295.0
F,295.0
F,295.0
F,295.0
F,295.0
F,295.0
F,295.0
F,295.0
F,295.0
F,295.0
F,295.0
F,295.0
F,295.0
F,295.0
F,295.0
F,295.0
F,295.0
F,295.0
F,295.0
F,295.0
F,295.0
F,295.0
F,295.0
F,295.0
F,295.0
F,295.0
F,295.0
F,295.0
F,295.0
F,295.0
F,295.0
F,295.0
F,295.0
F,295.0
F,295.0
F,295.0
F,295.0
F,295.0
F,295.0
F,295.0
F,295.0
F,295.0
F,295.0
F,295.0
F,295.0
F,295.0
F,295.0
F,295.0
F,295.0
F,295.0
F,295.0
F,295.0
F,295.5
F,295.5
F,296.0
F,296.0
F,297.0
F,297.0
F,297.1
F,297.1
F,297.1
F,297.1
F,297.1
F,297.1
F,297.5
F,297.5
F,297.5
F,297.5
F,297.5
F,297.5
F,297.5
F,297.5
F,297.5
F,297.5
F,297.5
F,297.5
F,297.5
F,297.5
F,297.5
F,297.5
F,297.5
F,297.5
F,297.5
F,297.5
F,297.5
F,297.5
F,297.5
F,297.5
F,297.5
F,297.5
F,297.5
F,297.5
F,297.5
F,297.5
F,297.5
F,297.5
F,297.5
F,297.5
F,297.5
F,297.5
F,297.5
F,297.5
F,297.5
F,297.5
F,297.5
F,297.5
F,297.5
F,297.5
F,297.5
F,297.5
F,297.5
F,297.5
F,297.5
F,297.5
F,297.5
F,297.5
F,297.5
F,297.5
F,297.5
F,297.5
F,297.5
F,297.5
F,297.5
F,297.5
F,297.5
F,297.5
F,297.5
F,297.5
F,297.5
F,297.5
F,297.5
F,297.5
F,297.5
F,297.5
F,297.5
F,297.5
F,297.5
F,297.5
F,297.5
F,297.5
F,297.5
F,297.5
F,297.5
F,297.5
F,297.5
F,297.5
F,297.5
F,297.5
F,297.5
F,297.5
F,297.5
F,297.5
F,297.5
F,297.5
F,297.5
F,297.5
F,297.5
F,297.5
F,297.5
F,297.5
F,297.5
F,297.5
F,297.5
F,297.5
F,297.5
F,297.5
F,297.5
F,297.5
F,297.5
F,297.5
F,297.5
F,297.5
F,297.5
F,297.5
F,297.5
F,297.5
F,297.5
F,298.0
F,298.0
F,298.5
F,299.0
F,299.37
F,299.37
F,299.37
F,299.37
F,299.37
F,299.82
F,300.0
F,300.0
F,300.0
F,300.0
F,300.0
F,300.0
F,300.0
F,300.0
F,300.0
F,300.0
F,300.0
F,300.0
F,300.0
F,300.0
F,300.0
F,300.0
F,300.0
F,300.0
F,300.0
F,300.0
F,300.0
F,300.0
F,300.0
F,300.0
F,300.0
F,300.0
F,300.0
F,300.0
F,300.0
F,300.0
F,300.0
F,300.0
F,300.0
F,300.0
F,300.0
F,300.0
F,300.0
F,300.0
F,300.0
F,300.0
F,300.0
F,300.0
F,300.0
F,300.0
F,300.0
F,300.0
F,300.0
F,300.0
F,300.0
F,300.0
F,300.0
F,300.0
F,300.0
F,300.0
F,300.0
F,300.0
F,300.0
F,300.0
F,300.0
F,300.0
F,300.0
F,300.0
F,300.0
F,300.0
F,300.0
F,300.0
F,300.0
F,300.0
F,300.0
F,300.0
F,300.0
F,300.0
F,300.0
F,300.0
F,300.0
F,300.0
F,300.0
F,300.0
F,300.0
F,300.0
F,300.0
F,300.0
F,300.0
F,300.0
F,300.0
F,300.0
F,300.0
F,300.0
F,300.0
F,300.0
F,300.0
F,300.0
F,300.0
F,300.0
F,300.0
F,300.0
F,300.0
F,300.0
F,300.0
F,300.0
F,300.0
F,300.0
F,300.0
F,300.0
F,300.0
F,300.0
F,300.0
F,300.0
F,300.0
F,300.0
F,300.0
F,300.0
F,300.0
F,300.0
F,300.0
F,300.0
F,300.0
F,300.0
F,300.0
F,300.0
F,300.0
F,300.0
F,300.0
F,300.0
F,300.0
F,300.0
F,300.0
F,300.0
F,300.0
F,300.0
F,300.0
F,300.0
F,300.0
F,300.0
F,300.0
F,300.0
F,300.0
F,300.0
F,300.0
F,300.0
F,300.0
F,300.0
F,300.0
F,300.0
F,300.0
F,300.0
F,300.0
F,300.0
F,300.5
F,300.5
F,301.0
F,301.0
F,301.5
F,301.64
F,301.64
F,301.64
F,301.64
F,301.64
F,302.0
F,302.5
F,302.5
F,302.5
F,302.5
F,302.5
F,302.5
F,302.5
F,302.5
F,302.5
F,302.5
F,302.5
F,302.5
F,302.5
F,302.5
F,302.5
F,302.5
F,302.5
F,302.5
F,302.5
F,302.5
F,302.5
F,302.5
F,302.5
F,302.5
F,302.5
F,302.5
F,302.5
F,302.5
F,302.5
F,302.5
F,302.5
F,302.5
F,302.5
F,302.5
F,302.5
F,302.5
F,302.5
F,302.5
F,302.5
F,302.5
F,302.5
F,302.5
F,302.5
F,302.5
F,302.5
F,302.5
F,302.5
F,302.5
F,302.5
F,302.5
F,302.5
F,302.5
F,302.5
F,302.5
F,302.5
F,302.5
F,302.5
F,302.5
F,302.5
F,302.5
F,302.5
F,302.5
F,302.5
F,302.5
F,302.5
F,302.5
F,302.5
F,302.5
F,302.5
F,302.5
F,302.5
F,302.5
F,302.5
F,302.5
F,302.5
F,302.5
F,302.5
F,302.5
F,302.5
F,302.5
F,302.5
F,302.5
F,302.5
F,302.5
F,302.5
F,302.5
F,302.5
F,302.5
F,302.5
F,302.5
F,302.5
F,302.5
F,302.5
F,302.5
F,302.5
F,302.5
F,302.5
F,302.5
F,302.5
F,302.5
F,302.5
F,302.5
F,302.5
F,302.5
F,302.5
F,302.5
F,302.5
F,302.5
F,302.5
F,302.5
F,302.5
F,302.5
F,302.5
F,302.5
F,302.5
F,302.5
F,302.5
F,302.5
F,302.5
F,302.5
F,302.5
F,303.0
F,303.0
F,303.0
F,303.5
F,303.91
F,303.91
F,303.91
F,303.91
F,304.0
F,305.0
F,305.0
F,305.0
F,305.0
F,305.0
F,305.0
F,305.0
F,305.0
F,305.0
F,305.0
F,305.0
F,305.0
F,305.0
F,305.0
F,305.0
F,305.0
F,305.0
F,305.0
F,305.0
F,305.0
F,305.0
F,305.0
F,305.0
F,305.0
F,305.0
F,305.0
F,305.0
F,305.0
F,305.0
F,305.0
F,305.0
F,305.0
F,305.0
F,305.0
F,305.0
F,305.0
F,305.0
F,305.0
F,305.0
F,305.0
F,305.0
F,305.0
F,305.0
F,305.0
F,305.0
F,305.0
F,305.0
F,305.0
F,305.0
F,305.0
F,305.0
F,305.0
F,305.0
F,305.0
F,305.0
F,305.0
F,305.0
F,305.0
F,305.0
F,305.0
F,305.0
F,305.0
F,305.0
F,305.0
F,305.0
F,305.0
F,305.0
F,305.0
F,305.0
F,305.0
F,305.0
F,305.0
F,305.0
F,305.0
F,305.0
F,305.0
F,305.0
F,305.0
F,305.0
F,305.0
F,305.0
F,305.0
F,305.0
F,305.0
F,305.0
F,305.0
F,305.0
F,305.0
F,305.0
F,305.0
F,305.0
F,305.0
F,305.0
F,305.0
F,305.0
F,305.0
F,305.0
F,305.0
F,305.0
F,305.0
F,305.0
F,305.0
F,305.0
F,305.0
F,305.0
F,305.0
F,305.0
F,305.0
F,305.0
F,305.0
F,305.0
F,305.0
F,305.0
F,305.0
F,305.0
F,305.0
F,305.0
F,305.0
F,305.0
F,305.0
F,305.0
F,305.0
F,305.0
F,305.0
F,305.0
F,305.0
F,305.0
F,305.0
F,305.0
F,305.0
F,305.0
F,305.0
F,305.5
F,305.5
F,306.0
F,306.0
F,306.17
F,306.17
F,306.17
F,306.17
F,306.17
F,306.5
F,307.0
F,307.5
F,307.5
F,307.5
F,307.5
F,307.5
F,307.5
F,307.5
F,307.5
F,307.5
F,307.5
F,307.5
F,307.5
F,307.5
F,307.5
F,307.5
F,307.5
F,307.5
F,307.5
F,307.5
F,307.5
F,307.5
F,307.5
F,307.5
F,307.5
F,307.5
F,307.5
F,307.5
F,307.5
F,307.5
F,307.5
F,307.5
F,307.5
F,307.5
F,307.5
F,307.5
F,307.5
F,307.5
F,307.5
F,307.5
F,307.5
F,307.5
F,307.5
F,307.5
F,307.5
F,307.5
F,307.5
F,307.5
F,307.5
F,307.5
F,307.5
F,307.5
F,307.5
F,307.5
F,307.5
F,307.5
F,307.5
F,307.5
F,307.5
F,307.5
F,307.5
F,307.5
F,307.5
F,307.5
F,307.5
F,307.5
F,307.5
F,307.5
F,307.5
F,307.5
F,307.5
F,307.5
F,307.5
F,307.5
F,307.5
F,307.5
F,307.5
F,307.5
F,307.5
F,307.5
F,307.5
F,307.5
F,307.5
F,307.5
F,307.5
F,307.5
F,307.5
F,307.5
F,307.5
F,307.5
F,307.5
F,307.5
F,307.5
F,307.5
F,307.5
F,307.5
F,307.5
F,307.5
F,307.5
F,307.5
F,307.5
F,307.5
F,307.5
F,307.5
F,307.5
F,307.5
F,307.5
F,307.5
F,307.5
F,307.5
F,307.5
F,307.5
F,307.5
F,307.5
F,307.5
F,307.5
F,307.5
F,307.5
F,307.5
F,307.5
F,307.5
F,307.5
F,307.5
F,308.0
F,308.0
F,308.0
F,308.44
F,308.44
F,308.44
F,308.44
F,308.5
F,309.0
F,309.5
F,310.0
F,310.0
F,310.0
F,310.0
F,310.0
F,310.0
F,310.0
F,310.0
F,310.0
F,310.0
F,310.0
F,310.0
F,310.0
F,310.0
F,310.0
F,310.0
F,310.0
F,310.0
F,310.0
F,310.0
F,310.0
F,310.0
F,310.0
F,310.0
F,310.0
F,310.0
F,310.0
F,310.0
F,310.0
F,310.0
F,310.0
F,310.0
F,310.0
F,310.0
F,310.0
F,310.0
F,310.0
F,310.0
F,310.0
F,310.0
F,310.0
F,310.0
F,310.0
F,310.0
F,310.0
F,310.0
F,310.0
F,310.0
F,310.0
F,310.0
F,310.0
F,310.0
F,310.0
F,310.0
F,310.0
F,310.0
F,310.0
F,310.0
F,310.0
F,310.0
F,310.0
F,310.0
F,310.0
F,310.0
F,310.0
F,310.0
F,310.0
F,310.0
F,310.0
F,310.0
F,310.0
F,310.0
F,310.0
F,310.0
F,310.0
F,310.0
F,310.0
F,310.0
F,310.0
F,310.0
F,310.0
F,310.0
F,310.0
F,310.0
F,310.0
F,310.0
F,310.0
F,310.0
F,310.0
F,310.0
F,310.0
F,310.0
F,310.0
F,310.0
F,310.0
F,310.0
F,310.0
F,310.0
F,310.0
F,310.0
F,310.0
F,310.0
F,310.0
F,310.0
F,310.0
F,310.0
F,310.0
F,310.0
F,310.0
F,310.0
F,310.0
F,310.0
F,310.0
F,310.0
F,310.0
F,310.0
F,310.0
F,310.0
F,310.0
F,310.0
F,310.0
F,310.0
F,310.0
F,310.0
F,310.0
F,310.0
F,310.0
F,310.0
F,310.0
F,310.0
F,310.0
F,310.5
F,310.5
F,310.7
F,310.71
F,310.71
F,310.71
F,310.71
F,311.0
F,311.5
F,312.0
F,312.49743574357444
F,312.5
F,312.5
F,312.5
F,312.5
F,312.5
F,312.5
F,312.5
F,312.5
F,312.5
F,312.5
F,312.5
F,312.5
F,312.5
F,312.5
F,312.5
F,312.5
F,312.5
F,312.5
F,312.5
F,312.5
F,312.5
F,312.5
F,312.5
F,312.5
F,312.5
F,312.5
F,312.5
F,312.5
F,312.5
F,312.5
F,312.5
F,312.5
F,312.5
F,312.5
F,312.5
F,312.5
F,312.5
F,312.5
F,312.5
F,312.5
F,312.5
F,312.5
F,312.5
F,312.5
F,312.5
F,312.5
F,312.5
F,312.5
F,312.5
F,312.5
F,312.5
F,312.5
F,312.5
F,312.5
F,312.5
F,312.5
F,312.5
F,312.5
F,312.5
F,312.5
F,312.5
F,312.5
F,312.5
F,312.5
F,312.5
F,312.5
F,312.5
F,312.5
F,312.5
F,312.5
F,312.5
F,312.5
F,312.5
F,312.5
F,312.5
F,312.5
F,312.5
F,312.5
F,312.5
F,312.5
F,312.5
F,312.5
F,312.5
F,312.5
F,312.5
F,312.5
F,312.5
F,312.5
F,312.5
F,312.5
F,312.5
F,312.5
F,312.5
F,312.5
F,312.5
F,312.5
F,312.5
F,312.5
F,312.5
F,312.5
F,312.5
F,312.5
F,312.5
F,312.5
F,312.5
F,312.5
F,312.5
F,312.5
F,312.5
F,312.5
F,312.5
F,312.5
F,312.5
F,312.5
F,312.5
F,312.5
F,312.5
F,312.72655265526555
F,312.98
F,312.98
F,312.98
F,313.0
F,313.0
F,313.0
F,313.5
F,314.0
F,314.34
F,315.0
F,315.0
F,315.0
F,315.0
F,315.0
F,315.0
F,315.0
F,315.0
F,315.0
F,315.0
F,315.0
F,315.0
F,315.0
F,315.0
F,315.0
F,315.0
F,315.0
F,315.0
F,315.0
F,315.0
F,315.0
F,315.0
F,315.0
F,315.0
F,315.0
F,315.0
F,315.0
F,315.0
F,315.0
F,315.0
F,315.0
F,315.0
F,315.0
F,315.0
F,315.0
F,315.0
F,315.0
F,315.0
F,315.0
F,315.0
F,315.0
F,315.0
F,315.0
F,315.0
F,315.0
F,315.0
F,315.0
F,315.0
F,315.0
F,315.0
F,315.0
F,315.0
F,315.0
F,315.0
F,315.0
F,315.0
F,315.0
F,315.0
F,315.0
F,315.0
F,315.0
F,315.0
F,315.0
F,315.0
F,315.0
F,315.0
F,315.0
F,315.0
F,315.0
F,315.0
F,315.0
F,315.0
F,315.0
F,315.0
F,315.0
F,315.0
F,315.0
F,315.0
F,315.0
F,315.0
F,315.0
F,315.0
F,315.0
F,315.0
F,315.0
F,315.0
F,315.0
F,315.0
F,315.0
F,315.0
F,315.0
F,315.0
F,315.0
F,315.0
F,315.0
F,315.0
F,315.0
F,315.0
F,315.0
F,315.0
F,315.0
F,315.0
F,315.0
F,315.0
F,315.0
F,315.0
F,315.0
F,315.0
F,315.0
F,315.0
F,315.0
F,315.0
F,315.0
F,315.0
F,315.0
F,315.0
F,315.0
F,315.0
F,315.0
F,315.0
F,315.0
F,315.0
F,315.0
F,315.0
F,315.0
F,315.0
F,315.0
F,315.0
F,315.0
F,315.0
F,315.06333033303963
F,315.25
F,315.25
F,315.25
F,315.5
F,315.5
F,316.0
F,316.0
F,316.0
F,317.0
F,317.5
F,317.5
F,317.5
F,317.5
F,317.5
F,317.5
F,317.5
F,317.5
F,317.5
F,317.5
F,317.5
F,317.5
F,317.5
F,317.5
F,317.5
F,317.5
F,317.5
F,317.5
F,317.5
F,317.5
F,317.5
F,317.5
F,317.5
F,317.5
F,317.5
F,317.5
F,317.5
F,317.5
F,317.5
F,317.5
F,317.5
F,317.5
F,317.5
F,317.5
F,317.5
F,317.5
F,317.5
F,317.5
F,317.5
F,317.5
F,317.5
F,317.5
F,317.5
F,317.5
F,317.5
F,317.5
F,317.5
F,317.5
F,317.5
F,317.5
F,317.5
F,317.5
F,317.5
F,317.5
F,317.5
F,317.5
F,317.5
F,317.5
F,317.5
F,317.5
F,317.5
F,317.5
F,317.5
F,317.5
F,317.5
F,317.5
F,317.5
F,317.5
F,317.5
F,317.5
F,317.5
F,317.5
F,317.5
F,317.5
F,317.5
F,317.5
F,317.5
F,317.5
F,317.5
F,317.5
F,317.5
F,317.5
F,317.5
F,317.5
F,317.5
F,317.5
F,317.5
F,317.5
F,317.5
F,317.5
F,317.5
F,317.5
F,317.5
F,317.5
F,317.5
F,317.5
F,317.5
F,317.5
F,317.5
F,317.5
F,317.5
F,317.5
F,317.5
F,317.5
F,317.5
F,317.5
F,317.5
F,317.5
F,317.5
F,317.5
F,317.5
F,317.5
F,317.5
F,317.5
F,317.5
F,317.5
F,317.5
F,317.5
F,317.51
F,317.51
F,317.51
F,317.51
F,317.51
F,318.0
F,318.0
F,318.0
F,318.5
F,319.0
F,319.5
F,319.78
F,319.78
F,319.78
F,319.78
F,320.0
F,320.0
F,320.0
F,320.0
F,320.0
F,320.0
F,320.0
F,320.0
F,320.0
F,320.0
F,320.0
F,320.0
F,320.0
F,320.0
F,320.0
F,320.0
F,320.0
F,320.0
F,320.0
F,320.0
F,320.0
F,320.0
F,320.0
F,320.0
F,320.0
F,320.0
F,320.0
F,320.0
F,320.0
F,320.0
F,320.0
F,320.0
F,320.0
F,320.0
F,320.0
F,320.0
F,320.0
F,320.0
F,320.0
F,320.0
F,320.0
F,320.0
F,320.0
F,320.0
F,320.0
F,320.0
F,320.0
F,320.0
F,320.0
F,320.0
F,320.0
F,320.0
F,320.0
F,320.0
F,320.0
F,320.0
F,320.0
F,320.0
F,320.0
F,320.0
F,320.0
F,320.0
F,320.0
F,320.0
F,320.0
F,320.0
F,320.0
F,320.0
F,320.0
F,320.0
F,320.0
F,320.0
F,320.0
F,320.0
F,320.0
F,320.0
F,320.0
F,320.0
F,320.0
F,320.0
F,320.0
F,320.0
F,320.0
F,320.0
F,320.0
F,320.0
F,320.0
F,320.0
F,320.0
F,320.0
F,320.0
F,320.0
F,320.0
F,320.0
F,320.0
F,320.0
F,320.0
F,320.0
F,320.0
F,320.0
F,320.0
F,320.0
F,320.0
F,320.0
F,320.0
F,320.0
F,320.0
F,320.0
F,320.0
F,320.0
F,320.0
F,320.0
F,320.0
F,320.0
F,320.0
F,320.0
F,320.0
F,320.0
F,320.0
F,320.0
F,320.0
F,320.0
F,320.0
F,320.0
F,320.0
F,320.0
F,320.0
F,320.0
F,320.5
F,320.5
F,320.5
F,321.0
F,321.5
F,322.0
F,322.05
F,322.05
F,322.05
F,322.5
F,322.5
F,322.5
F,322.5
F,322.5
F,322.5
F,322.5
F,322.5
F,322.5
F,322.5
F,322.5
F,322.5
F,322.5
F,322.5
F,322.5
F,322.5
F,322.5
F,322.5
F,322.5
F,322.5
F,322.5
F,322.5
F,322.5
F,322.5
F,322.5
F,322.5
F,322.5
F,322.5
F,322.5
F,322.5
F,322.5
F,322.5
F,322.5
F,322.5
F,322.5
F,322.5
F,322.5
F,322.5
F,322.5
F,322.5
F,322.5
F,322.5
F,322.5
F,322.5
F,322.5
F,322.5
F,322.5
F,322.5
F,322.5
F,322.5
F,322.5
F,322.5
F,322.5
F,322.5
F,322.5
F,322.5
F,322.5
F,322.5
F,322.5
F,322.5
F,322.5
F,322.5
F,322.5
F,322.5
F,322.5
F,322.5
F,322.5
F,322.5
F,322.5
F,322.5
F,322.5
F,322.5
F,322.5
F,322.5
F,322.5
F,322.5
F,322.5
F,322.5
F,322.5
F,322.5
F,322.5
F,322.5
F,322.5
F,322.5
F,322.5
F,322.5
F,322.5
F,322.5
F,322.5
F,322.5
F,322.5
F,322.5
F,322.5
F,322.5
F,322.5
F,322.5
F,322.5
F,322.5
F,322.5
F,322.5
F,322.5
F,322.5
F,322.5
F,322.5
F,322.5
F,322.5
F,322.5
F,322.5
F,322.5
F,322.5
F,322.5
F,322.5
F,322.5
F,322.5
F,322.5
F,322.5
F,322.5478967896791
F,323.0
F,323.0
F,323.0
F,323.5
F,324.0
F,324.32
F,324.32
F,324.32
F,324.32
F,325.0
F,325.0
F,325.0
F,325.0
F,325.0
F,325.0
F,325.0
F,325.0
F,325.0
F,325.0
F,325.0
F,325.0
F,325.0
F,325.0
F,325.0
F,325.0
F,325.0
F,325.0
F,325.0
F,325.0
F,325.0
F,325.0
F,325.0
F,325.0
F,325.0
F,325.0
F,325.0
F,325.0
F,325.0
F,325.0
F,325.0
F,325.0
F,325.0
F,325.0
F,325.0
F,325.0
F,325.0
F,325.0
F,325.0
F,325.0
F,325.0
F,325.0
F,325.0
F,325.0
F,325.0
F,325.0
F,325.0
F,325.0
F,325.0
F,325.0
F,325.0
F,325.0
F,325.0
F,325.0
F,325.0
F,325.0
F,325.0
F,325.0
F,325.0
F,325.0
F,325.0
F,325.0
F,325.0
F,325.0
F,325.0
F,325.0
F,325.0
F,325.0
F,325.0
F,325.0
F,325.0
F,325.0
F,325.0
F,325.0
F,325.0
F,325.0
F,325.0
F,325.0
F,325.0
F,325.0
F,325.0
F,325.0
F,325.0
F,325.0
F,325.0
F,325.0
F,325.0
F,325.0
F,325.0
F,325.0
F,325.0
F,325.0
F,325.0
F,325.0
F,325.0
F,325.0
F,325.0
F,325.0
F,325.0
F,325.0
F,325.0
F,325.0
F,325.0
F,325.0
F,325.0
F,325.0
F,325.0
F,325.0
F,325.0
F,325.0
F,325.0
F,325.0
F,325.0
F,325.0
F,325.0
F,325.0
F,325.0
F,325.0
F,325.0
F,325.0
F,325.0
F,325.0
F,325.0
F,325.0
F,325.0
F,325.0
F,325.5
F,325.5
F,325.5
F,326.0
F,326.0
F,326.59
F,326.59
F,326.59
F,326.59
F,327.0
F,327.5
F,327.5
F,327.5
F,327.5
F,327.5
F,327.5
F,327.5
F,327.5
F,327.5
F,327.5
F,327.5
F,327.5
F,327.5
F,327.5
F,327.5
F,327.5
F,327.5
F,327.5
F,327.5
F,327.5
F,327.5
F,327.5
F,327.5
F,327.5
F,327.5
F,327.5
F,327.5
F,327.5
F,327.5
F,327.5
F,327.5
F,327.5
F,327.5
F,327.5
F,327.5
F,327.5
F,327.5
F,327.5
F,327.5
F,327.5
F,327.5
F,327.5
F,327.5
F,327.5
F,327.5
F,327.5
F,327.5
F,327.5
F,327.5
F,327.5
F,327.5
F,327.5
F,327.5
F,327.5
F,327.5
F,327.5
F,327.5
F,327.5
F,327.5
F,327.5
F,327.5
F,327.5
F,327.5
F,327.5
F,327.5
F,327.5
F,327.5
F,327.5
F,327.5
F,327.5
F,327.5
F,327.5
F,327.5
F,327.5
F,327.5
F,327.5
F,327.5
F,327.5
F,327.5
F,327.5
F,327.5
F,327.5
F,327.5
F,327.5
F,327.5
F,327.5
F,327.5
F,327.5
F,327.5
F,327.5
F,327.5
F,327.5
F,327.5
F,327.5
F,327.5
F,327.5
F,327.5
F,327.5
F,327.5
F,327.5
F,327.5
F,327.5
F,327.5
F,327.5
F,327.5
F,327.5
F,327.5
F,327.5
F,327.5
F,327.5
F,327.5
F,327.5
F,328.0
F,328.0
F,328.0
F,328.0
F,328.5
F,328.85
F,328.85
F,328.85
F,329.0
F,329.0
F,330.0
F,330.0
F,330.0
F,330.0
F,330.0
F,330.0
F,330.0
F,330.0
F,330.0
F,330.0
F,330.0
F,330.0
F,330.0
F,330.0
F,330.0
F,330.0
F,330.0
F,330.0
F,330.0
F,330.0
F,330.0
F,330.0
F,330.0
F,330.0
F,330.0
F,330.0
F,330.0
F,330.0
F,330.0
F,330.0
F,330.0
F,330.0
F,330.0
F,330.0
F,330.0
F,330.0
F,330.0
F,330.0
F,330.0
F,330.0
F,330.0
F,330.0
F,330.0
F,330.0
F,330.0
F,330.0
F,330.0
F,330.0
F,330.0
F,330.0
F,330.0
F,330.0
F,330.0
F,330.0
F,330.0
F,330.0
F,330.0
F,330.0
F,330.0
F,330.0
F,330.0
F,330.0
F,330.0
F,330.0
F,330.0
F,330.0
F,330.0
F,330.0
F,330.0
F,330.0
F,330.0
F,330.0
F,330.0
F,330.0
F,330.0
F,330.0
F,330.0
F,330.0
F,330.0
F,330.0
F,330.0
F,330.0
F,330.0
F,330.0
F,330.0
F,330.0
F,330.0
F,330.0
F,330.0
F,330.0
F,330.0
F,330.0
F,330.0
F,330.0
F,330.0
F,330.0
F,330.0
F,330.0
F,330.0
F,330.0
F,330.0
F,330.0
F,330.0
F,330.0
F,330.0
F,330.0
F,330.0
F,330.0
F,330.0
F,330.0
F,330.0
F,330.0
F,330.0
F,330.0
F,330.0
F,330.0
F,330.0
F,330.0
F,330.0
F,330.0
F,330.0
F,330.0
F,330.5
F,330.5
F,331.0
F,331.0
F,331.12
F,331.12
F,331.12
F,331.5
F,332.0
F,332.5
F,332.5
F,332.5
F,332.5
F,332.5
F,332.5
F,332.5
F,332.5
F,332.5
F,332.5
F,332.5
F,332.5
F,332.5
F,332.5
F,332.5
F,332.5
F,332.5
F,332.5
F,332.5
F,332.5
F,332.5
F,332.5
F,332.5
F,332.5
F,332.5
F,332.5
F,332.5
F,332.5
F,332.5
F,332.5
F,332.5
F,332.5
F,332.5
F,332.5
F,332.5
F,332.5
F,332.5
F,332.5
F,332.5
F,332.5
F,332.5
F,332.5
F,332.5
F,332.5
F,332.5
F,332.5
F,332.5
F,332.5
F,332.5
F,332.5
F,332.5
F,332.5
F,332.5
F,332.5
F,332.5
F,332.5
F,332.5
F,332.5
F,332.5
F,332.5
F,332.5
F,332.5
F,332.5
F,332.5
F,332.5
F,332.5
F,332.5
F,332.5
F,332.5
F,332.5
F,332.5
F,332.5
F,332.5
F,332.5
F,332.5
F,332.5
F,332.5
F,332.5
F,332.5
F,332.5
F,332.5
F,332.5
F,332.5
F,332.5
F,332.5
F,332.5
F,332.5
F,332.5
F,332.5
F,332.5
F,332.5
F,332.5
F,332.5
F,332.5
F,332.5
F,332.5
F,332.5
F,332.5
F,332.5
F,332.5
F,332.5
F,332.5
F,332.5
F,332.5
F,332.5
F,332.5
F,332.5
F,332.5
F,332.5
F,332.5
F,333.0
F,333.0
F,333.0
F,333.0
F,333.39
F,333.39
F,333.5
F,333.5
F,334.0
F,335.0
F,335.0
F,335.0
F,335.0
F,335.0
F,335.0
F,335.0
F,335.0
F,335.0
F,335.0
F,335.0
F,335.0
F,335.0
F,335.0
F,335.0
F,335.0
F,335.0
F,335.0
F,335.0
F,335.0
F,335.0
F,335.0
F,335.0
F,335.0
F,335.0
F,335.0
F,335.0
F,335.0
F,335.0
F,335.0
F,335.0
F,335.0
F,335.0
F,335.0
F,335.0
F,335.0
F,335.0
F,335.0
F,335.0
F,335.0
F,335.0
F,335.0
F,335.0
F,335.0
F,335.0
F,335.0
F,335.0
F,335.0
F,335.0
F,335.0
F,335.0
F,335.0
F,335.0
F,335.0
F,335.0
F,335.0
F,335.0
F,335.0
F,335.0
F,335.0
F,335.0
F,335.0
F,335.0
F,335.0
F,335.0
F,335.0
F,335.0
F,335.0
F,335.0
F,335.0
F,335.0
F,335.0
F,335.0
F,335.0
F,335.0
F,335.0
F,335.0
F,335.0
F,335.0
F,335.0
F,335.0
F,335.0
F,335.0
F,335.0
F,335.0
F,335.0
F,335.0
F,335.0
F,335.0
F,335.0
F,335.0
F,335.0
F,335.0
F,335.0
F,335.0
F,335.0
F,335.0
F,335.0
F,335.0
F,335.0
F,335.0
F,335.0
F,335.0
F,335.0
F,335.0
F,335.0
F,335.0
F,335.0
F,335.0
F,335.0
F,335.0
F,335.0
F,335.0
F,335.0
F,335.0
F,335.0
F,335.0
F,335.0
F,335.0
F,335.5
F,335.5
F,335.66
F,335.66
F,335.66
F,336.0
F,336.0
F,336.5
F,337.0
F,337.5
F,337.5
F,337.5
F,337.5
F,337.5
F,337.5
F,337.5
F,337.5
F,337.5
F,337.5
F,337.5
F,337.5
F,337.5
F,337.5
F,337.5
F,337.5
F,337.5
F,337.5
F,337.5
F,337.5
F,337.5
F,337.5
F,337.5
F,337.5
F,337.5
F,337.5
F,337.5
F,337.5
F,337.5
F,337.5
F,337.5
F,337.5
F,337.5
F,337.5
F,337.5
F,337.5
F,337.5
F,337.5
F,337.5
F,337.5
F,337.5
F,337.5
F,337.5
F,337.5
F,337.5
F,337.5
F,337.5
F,337.5
F,337.5
F,337.5
F,337.5
F,337.5
F,337.5
F,337.5
F,337.5
F,337.5
F,337.5
F,337.5
F,337.5
F,337.5
F,337.5
F,337.5
F,337.5
F,337.5
F,337.5
F,337.5
F,337.5
F,337.5
F,337.5
F,337.5
F,337.5
F,337.5
F,337.5
F,337.5
F,337.5
F,337.5
F,337.5
F,337.5
F,337.5
F,337.5
F,337.5
F,337.5
F,337.5
F,337.5
F,337.5
F,337.5
F,337.5
F,337.5
F,337.5
F,337.5
F,337.5
F,337.5
F,337.5
F,337.5
F,337.5
F,337.5
F,337.5
F,337.5
F,337.5
F,337.5
F,337.5
F,337.5
F,337.5
F,337.5
F,337.5
F,337.5
F,337.5
F,337.93
F,337.93
F,338.0
F,338.0
F,338.0
F,338.5
F,339.0
F,339.74
F,340.0
F,340.0
F,340.0
F,340.0
F,340.0
F,340.0
F,340.0
F,340.0
F,340.0
F,340.0
F,340.0
F,340.0
F,340.0
F,340.0
F,340.0
F,340.0
F,340.0
F,340.0
F,340.0
F,340.0
F,340.0
F,340.0
F,340.0
F,340.0
F,340.0
F,340.0
F,340.0
F,340.0
F,340.0
F,340.0
F,340.0
F,340.0
F,340.0
F,340.0
F,340.0
F,340.0
F,340.0
F,340.0
F,340.0
F,340.0
F,340.0
F,340.0
F,340.0
F,340.0
F,340.0
F,340.0
F,340.0
F,340.0
F,340.0
F,340.0
F,340.0
F,340.0
F,340.0
F,340.0
F,340.0
F,340.0
F,340.0
F,340.0
F,340.0
F,340.0
F,340.0
F,340.0
F,340.0
F,340.0
F,340.0
F,340.0
F,340.0
F,340.0
F,340.0
F,340.0
F,340.0
F,340.0
F,340.0
F,340.0
F,340.0
F,340.0
F,340.0
F,340.0
F,340.0
F,340.0
F,340.0
F,340.0
F,340.0
F,340.0
F,340.0
F,340.0
F,340.0
F,340.0
F,340.0
F,340.0
F,340.0
F,340.0
F,340.0
F,340.0
F,340.0
F,340.0
F,340.0
F,340.0
F,340.0
F,340.0
F,340.0
F,340.0
F,340.0
F,340.0
F,340.0
F,340.0
F,340.0
F,340.0
F,340.0
F,340.0
F,340.0
F,340.0
F,340.0
F,340.0
F,340.0
F,340.09109810981465
F,340.19
F,340.19
F,340.5
F,340.5
F,340.5929592959292
F,341.0
F,341.24992499251675
F,342.0
F,342.46
F,342.46
F,342.5
F,342.5
F,342.5
F,342.5
F,342.5
F,342.5
F,342.5
F,342.5
F,342.5
F,342.5
F,342.5
F,342.5
F,342.5
F,342.5
F,342.5
F,342.5
F,342.5
F,342.5
F,342.5
F,342.5
F,342.5
F,342.5
F,342.5
F,342.5
F,342.5
F,342.5
F,342.5
F,342.5
F,342.5
F,342.5
F,342.5
F,342.5
F,342.5
F,342.5
F,342.5
F,342.5
F,342.5
F,342.5
F,342.5
F,342.5
F,342.5
F,342.5
F,342.5
F,342.5
F,342.5
F,342.5
F,342.5
F,342.5
F,342.5
F,342.5
F,342.5
F,342.5
F,342.5
F,342.5
F,342.5
F,342.5
F,342.5
F,342.5
F,342.5
F,342.5
F,342.5
F,342.5
F,342.5
F,342.5
F,342.5
F,342.5
F,342.5
F,342.5
F,342.5
F,342.5
F,342.5
F,342.5
F,342.5
F,342.5
F,342.5
F,342.5
F,342.5
F,342.5
F,342.5
F,342.5
F,342.5
F,342.5
F,342.5
F,342.5
F,342.5
F,342.5
F,342.5
F,342.5
F,342.5
F,342.5
F,342.5
F,342.5
F,342.5
F,342.5
F,342.5
F,342.5
F,342.5
F,342.5
F,342.5
F,342.5
F,342.5
F,342.5
F,342.5
F,342.5
F,343.0
F,343.0
F,343.0
F,343.5
F,344.0
F,344.0
F,344.73
F,344.73
F,345.0
F,345.0
F,345.0
F,345.0
F,345.0
F,345.0
F,345.0
F,345.0
F,345.0
F,345.0
F,345.0
F,345.0
F,345.0
F,345.0
F,345.0
F,345.0
F,345.0
F,345.0
F,345.0
F,345.0
F,345.0
F,345.0
F,345.0
F,345.0
F,345.0
F,345.0
F,345.0
F,345.0
F,345.0
F,345.0
F,345.0
F,345.0
F,345.0
F,345.0
F,345.0
F,345.0
F,345.0
F,345.0
F,345.0
F,345.0
F,345.0
F,345.0
F,345.0
F,345.0
F,345.0
F,345.0
F,345.0
F,345.0
F,345.0
F,345.0
F,345.0
F,345.0
F,345.0
F,345.0
F,345.0
F,345.0
F,345.0
F,345.0
F,345.0
F,345.0
F,345.0
F,345.0
F,345.0
F,345.0
F,345.0
F,345.0
F,345.0
F,345.0
F,345.0
F,345.0
F,345.0
F,345.0
F,345.0
F,345.0
F,345.0
F,345.0
F,345.0
F,345.0
F,345.0
F,345.0
F,345.0
F,345.0
F,345.0
F,345.0
F,345.0
F,345.0
F,345.0
F,345.0
F,345.0
F,345.0
F,345.0
F,345.0
F,345.0
F,345.0
F,345.0
F,345.0
F,345.0
F,345.0
F,345.0
F,345.0
F,345.0
F,345.0
F,345.0
F,345.0
F,345.0
F,345.0
F,345.0
F,345.0
F,345.0
F,345.0
F,345.5
F,346.0
F,346.0
F,346.5
F,347.0
F,347.0
F,347.0
F,347.0
F,347.5
F,347.5
F,347.5
F,347.5
F,347.5
F,347.5
F,347.5
F,347.5
F,347.5
F,347.5
F,347.5
F,347.5
F,347.5
F,347.5
F,347.5
F,347.5
F,347.5
F,347.5
F,347.5
F,347.5
F,347.5
F,347.5
F,347.5
F,347.5
F,347.5
F,347.5
F,347.5
F,347.5
F,347.5
F,347.5
F,347.5
F,347.5
F,347.5
F,347.5
F,347.5
F,347.5
F,347.5
F,347.5
F,347.5
F,347.5
F,347.5
F,347.5
F,347.5
F,347.5
F,347.5
F,347.5
F,347.5
F,347.5
F,347.5
F,347.5
F,347.5
F,347.5
F,347.5
F,347.5
F,347.5
F,347.5
F,347.5
F,347.5
F,347.5
F,347.5
F,347.5
F,347.5
F,347.5
F,347.5
F,347.5
F,347.5
F,347.5
F,347.5
F,347.5
F,347.5
F,347.5
F,347.5
F,347.5
F,347.5
F,347.5
F,347.5
F,347.5
F,347.5
F,347.5
F,347.5
F,347.5
F,347.5
F,347.5
F,347.5
F,347.5
F,347.5
F,347.5
F,347.5
F,347.5
F,347.5
F,347.5
F,347.5
F,347.5
F,347.5
F,347.5
F,347.5
F,347.5
F,347.5
F,348.0
F,348.0
F,348.0
F,348.0
F,348.5
F,349.0
F,349.27
F,349.27
F,349.5
F,350.0
F,350.0
F,350.0
F,350.0
F,350.0
F,350.0
F,350.0
F,350.0
F,350.0
F,350.0
F,350.0
F,350.0
F,350.0
F,350.0
F,350.0
F,350.0
F,350.0
F,350.0
F,350.0
F,350.0
F,350.0
F,350.0
F,350.0
F,350.0
F,350.0
F,350.0
F,350.0
F,350.0
F,350.0
F,350.0
F,350.0
F,350.0
F,350.0
F,350.0
F,350.0
F,350.0
F,350.0
F,350.0
F,350.0
F,350.0
F,350.0
F,350.0
F,350.0
F,350.0
F,350.0
F,350.0
F,350.0
F,350.0
F,350.0
F,350.0
F,350.0
F,350.0
F,350.0
F,350.0
F,350.0
F,350.0
F,350.0
F,350.0
F,350.0
F,350.0
F,350.0
F,350.0
F,350.0
F,350.0
F,350.0
F,350.0
F,350.0
F,350.0
F,350.0
F,350.0
F,350.0
F,350.0
F,350.0
F,350.0
F,350.0
F,350.0
F,350.0
F,350.0
F,350.0
F,350.0
F,350.0
F,350.0
F,350.0
F,350.0
F,350.0
F,350.0
F,350.0
F,350.0
F,350.0
F,350.0
F,350.0
F,350.0
F,350.0
F,350.0
F,350.0
F,350.0
F,350.0
F,350.0
F,350.0
F,350.0
F,350.0
F,350.0
F,350.0
F,350.0
F,350.0
F,350.0
F,350.0
F,350.0
F,350.0
F,350.5
F,350.5
F,350.5
F,351.0
F,351.0609820982092
F,351.53
F,351.53
F,352.0
F,352.0
F,352.5
F,352.5
F,352.5
F,352.5
F,352.5
F,352.5
F,352.5
F,352.5
F,352.5
F,352.5
F,352.5
F,352.5
F,352.5
F,352.5
F,352.5
F,352.5
F,352.5
F,352.5
F,352.5
F,352.5
F,352.5
F,352.5
F,352.5
F,352.5
F,352.5
F,352.5
F,352.5
F,352.5
F,352.5
F,352.5
F,352.5
F,352.5
F,352.5
F,352.5
F,352.5
F,352.5
F,352.5
F,352.5
F,352.5
F,352.5
F,352.5
F,352.5
F,352.5
F,352.5
F,352.5
F,352.5
F,352.5
F,352.5
F,352.5
F,352.5
F,352.5
F,352.5
F,352.5
F,352.5
F,352.5
F,352.5
F,352.5
F,352.5
F,352.5
F,352.5
F,352.5
F,352.5
F,352.5
F,352.5
F,352.5
F,352.5
F,352.5
F,352.5
F,352.5
F,352.5
F,352.5
F,352.5
F,352.5
F,352.5
F,352.5
F,352.5
F,352.5
F,352.5
F,352.5
F,352.5
F,352.5
F,352.5
F,352.5
F,352.5
F,352.5
F,352.5
F,352.5
F,352.5
F,352.5
F,352.5
F,352.5
F,352.5
F,353.0
F,353.0
F,353.0
F,353.5
F,353.8
F,353.8
F,354.0
F,355.0
F,355.0
F,355.0
F,355.0
F,355.0
F,355.0
F,355.0
F,355.0
F,355.0
F,355.0
F,355.0
F,355.0
F,355.0
F,355.0
F,355.0
F,355.0
F,355.0
F,355.0
F,355.0
F,355.0
F,355.0
F,355.0
F,355.0
F,355.0
F,355.0
F,355.0
F,355.0
F,355.0
F,355.0
F,355.0
F,355.0
F,355.0
F,355.0
F,355.0
F,355.0
F,355.0
F,355.0
F,355.0
F,355.0
F,355.0
F,355.0
F,355.0
F,355.0
F,355.0
F,355.0
F,355.0
F,355.0
F,355.0
F,355.0
F,355.0
F,355.0
F,355.0
F,355.0
F,355.0
F,355.0
F,355.0
F,355.0
F,355.0
F,355.0
F,355.0
F,355.0
F,355.0
F,355.0
F,355.0
F,355.0
F,355.0
F,355.0
F,355.0
F,355.0
F,355.0
F,355.0
F,355.0
F,355.0
F,355.0
F,355.0
F,355.0
F,355.0
F,355.0
F,355.0
F,355.0
F,355.0
F,355.0
F,355.0
F,355.0
F,355.0
F,355.0
F,355.0
F,355.0
F,355.0
F,355.0
F,355.0
F,355.0
F,355.0
F,355.0
F,355.0
F,355.0
F,355.0
F,355.0
F,355.0
F,355.0
F,355.5
F,355.5
F,355.5
F,356.0
F,356.07
F,356.07
F,356.5
F,357.0
F,357.5
F,357.5
F,357.5
F,357.5
F,357.5
F,357.5
F,357.5
F,357.5
F,357.5
F,357.5
F,357.5
F,357.5
F,357.5
F,357.5
F,357.5
F,357.5
F,357.5
F,357.5
F,357.5
F,357.5
F,357.5
F,357.5
F,357.5
F,357.5
F,357.5
F,357.5
F,357.5
F,357.5
F,357.5
F,357.5
F,357.5
F,357.5
F,357.5
F,357.5
F,357.5
F,357.5
F,357.5
F,357.5
F,357.5
F,357.5
F,357.5
F,357.5
F,357.5
F,357.5
F,357.5
F,357.5
F,357.5
F,357.5
F,357.5
F,357.5
F,357.5
F,357.5
F,357.5
F,357.5
F,357.5
F,357.5
F,357.5
F,357.5
F,357.5
F,357.5
F,357.5
F,357.5
F,357.5
F,357.5
F,357.5
F,357.5
F,357.5
F,357.5
F,357.5
F,357.5
F,357.5
F,357.5
F,357.5
F,357.5
F,357.5
F,357.5
F,357.5
F,357.5
F,357.5
F,357.5
F,357.5
F,357.5
F,357.5
F,357.5
F,357.5
F,357.5
F,357.5
F,358.0
F,358.0
F,358.34
F,358.34
F,358.5
F,359.0
F,359.5
F,360.0
F,360.0
F,360.0
F,360.0
F,360.0
F,360.0
F,360.0
F,360.0
F,360.0
F,360.0
F,360.0
F,360.0
F,360.0
F,360.0
F,360.0
F,360.0
F,360.0
F,360.0
F,360.0
F,360.0
F,360.0
F,360.0
F,360.0
F,360.0
F,360.0
F,360.0
F,360.0
F,360.0
F,360.0
F,360.0
F,360.0
F,360.0
F,360.0
F,360.0
F,360.0
F,360.0
F,360.0
F,360.0
F,360.0
F,360.0
F,360.0
F,360.0
F,360.0
F,360.0
F,360.0
F,360.0
F,360.0
F,360.0
F,360.0
F,360.0
F,360.0
F,360.0
F,360.0
F,360.0
F,360.0
F,360.0
F,360.0
F,360.0
F,360.0
F,360.0
F,360.0
F,360.0
F,360.0
F,360.0
F,360.0
F,360.0
F,360.0
F,360.0
F,360.0
F,360.0
F,360.0
F,360.0
F,360.0
F,360.0
F,360.0
F,360.0
F,360.0
F,360.0
F,360.0
F,360.0
F,360.0
F,360.0
F,360.0
F,360.0
F,360.0
F,360.0
F,360.0
F,360.0
F,360.0
F,360.0
F,360.0
F,360.0
F,360.0
F,360.5
F,360.5
F,360.61
F,361.0
F,361.0
F,362.0
F,362.5
F,362.5
F,362.5
F,362.5
F,362.5
F,362.5
F,362.5
F,362.5
F,362.5
F,362.5
F,362.5
F,362.5
F,362.5
F,362.5
F,362.5
F,362.5
F,362.5
F,362.5
F,362.5
F,362.5
F,362.5
F,362.5
F,362.5
F,362.5
F,362.5
F,362.5
F,362.5
F,362.5
F,362.5
F,362.5
F,362.5
F,362.5
F,362.5
F,362.5
F,362.5
F,362.5
F,362.5
F,362.5
F,362.5
F,362.5
F,362.5
F,362.5
F,362.5
F,362.5
F,362.5
F,362.5
F,362.5
F,362.5
F,362.5
F,362.5
F,362.5
F,362.5
F,362.5
F,362.5
F,362.5
F,362.5
F,362.5
F,362.5
F,362.5
F,362.5
F,362.5
F,362.5
F,362.5
F,362.5
F,362.5
F,362.5
F,362.5
F,362.5
F,362.5
F,362.5
F,362.5
F,362.5
F,362.5
F,362.5
F,362.5
F,362.5
F,362.5
F,362.5
F,362.5
F,362.5
F,362.5
F,362.5
F,362.5
F,362.5
F,362.5
F,362.87
F,363.0
F,363.0
F,363.0
F,363.0
F,363.5
F,364.0
F,365.0
F,365.0
F,365.0
F,365.0
F,365.0
F,365.0
F,365.0
F,365.0
F,365.0
F,365.0
F,365.0
F,365.0
F,365.0
F,365.0
F,365.0
F,365.0
F,365.0
F,365.0
F,365.0
F,365.0
F,365.0
F,365.0
F,365.0
F,365.0
F,365.0
F,365.0
F,365.0
F,365.0
F,365.0
F,365.0
F,365.0
F,365.0
F,365.0
F,365.0
F,365.0
F,365.0
F,365.0
F,365.0
F,365.0
F,365.0
F,365.0
F,365.0
F,365.0
F,365.0
F,365.0
F,365.0
F,365.0
F,365.0
F,365.0
F,365.0
F,365.0
F,365.0
F,365.0
F,365.0
F,365.0
F,365.0
F,365.0
F,365.0
F,365.0
F,365.0
F,365.0
F,365.0
F,365.0
F,365.0
F,365.0
F,365.0
F,365.0
F,365.0
F,365.0
F,365.0
F,365.0
F,365.0
F,365.0
F,365.0
F,365.0
F,365.0
F,365.0
F,365.0
F,365.0
F,365.0
F,365.0
F,365.0
F,365.0
F,365.0
F,365.0
F,365.0
F,365.14
F,365.14
F,365.5
F,365.5
F,366.0
F,366.0
F,367.0
F,367.41
F,367.41
F,367.5
F,367.5
F,367.5
F,367.5
F,367.5
F,367.5
F,367.5
F,367.5
F,367.5
F,367.5
F,367.5
F,367.5
F,367.5
F,367.5
F,367.5
F,367.5
F,367.5
F,367.5
F,367.5
F,367.5
F,367.5
F,367.5
F,367.5
F,367.5
F,367.5
F,367.5
F,367.5
F,367.5
F,367.5
F,367.5
F,367.5
F,367.5
F,367.5
F,367.5
F,367.5
F,367.5
F,367.5
F,367.5
F,367.5
F,367.5
F,367.5
F,367.5
F,367.5
F,367.5
F,367.5
F,367.5
F,367.5
F,367.5
F,367.5
F,367.5
F,367.5
F,367.5
F,367.5
F,367.5
F,367.5
F,367.5
F,367.5
F,367.5
F,367.5
F,367.5
F,367.5
F,367.5
F,367.5
F,367.5
F,367.5
F,367.5
F,367.5
F,367.5
F,367.5
F,367.5
F,367.5
F,367.5
F,367.5
F,367.5
F,367.5
F,367.5
F,367.5
F,367.5
F,367.5
F,368.0
F,368.0
F,368.0
F,368.5
F,369.0
F,369.68
F,370.0
F,370.0
F,370.0
F,370.0
F,370.0
F,370.0
F,370.0
F,370.0
F,370.0
F,370.0
F,370.0
F,370.0
F,370.0
F,370.0
F,370.0
F,370.0
F,370.0
F,370.0
F,370.0
F,370.0
F,370.0
F,370.0
F,370.0
F,370.0
F,370.0
F,370.0
F,370.0
F,370.0
F,370.0
F,370.0
F,370.0
F,370.0
F,370.0
F,370.0
F,370.0
F,370.0
F,370.0
F,370.0
F,370.0
F,370.0
F,370.0
F,370.0
F,370.0
F,370.0
F,370.0
F,370.0
F,370.0
F,370.0
F,370.0
F,370.0
F,370.0
F,370.0
F,370.0
F,370.0
F,370.0
F,370.0
F,370.0
F,370.0
F,370.0
F,370.0
F,370.0
F,370.0
F,370.0
F,370.0
F,370.0
F,370.0
F,370.0
F,370.0
F,370.0
F,370.0
F,370.0
F,370.0
F,370.0
F,370.0
F,370.0
F,370.0
F,370.0
F,370.0
F,370.0
F,370.0
F,370.0
F,370.0
F,370.0
F,370.0
F,370.0
F,370.5
F,370.5
F,370.5
F,371.0
F,371.0
F,371.95
F,371.95
F,372.0
F,372.5
F,372.5
F,372.5
F,372.5
F,372.5
F,372.5
F,372.5
F,372.5
F,372.5
F,372.5
F,372.5
F,372.5
F,372.5
F,372.5
F,372.5
F,372.5
F,372.5
F,372.5
F,372.5
F,372.5
F,372.5
F,372.5
F,372.5
F,372.5
F,372.5
F,372.5
F,372.5
F,372.5
F,372.5
F,372.5
F,372.5
F,372.5
F,372.5
F,372.5
F,372.5
F,372.5
F,372.5
F,372.5
F,372.5
F,372.5
F,372.5
F,372.5
F,372.5
F,372.5
F,372.5
F,372.5
F,372.5
F,372.5
F,372.5
F,372.5
F,372.5
F,372.5
F,372.5
F,372.5
F,372.5
F,372.5
F,372.5
F,372.5
F,372.5
F,372.5
F,372.5
F,372.5
F,372.5
F,372.5
F,372.5
F,372.5
F,372.5
F,372.5
F,372.5
F,372.5
F,372.5
F,372.5
F,373.0
F,373.0
F,373.01930593059865
F,373.5
F,374.0
F,374.21
F,375.0
F,375.0
F,375.0
F,375.0
F,375.0
F,375.0
F,375.0
F,375.0
F,375.0
F,375.0
F,375.0
F,375.0
F,375.0
F,375.0
F,375.0
F,375.0
F,375.0
F,375.0
F,375.0
F,375.0
F,375.0
F,375.0
F,375.0
F,375.0
F,375.0
F,375.0
F,375.0
F,375.0
F,375.0
F,375.0
F,375.0
F,375.0
F,375.0
F,375.0
F,375.0
F,375.0
F,375.0
F,375.0
F,375.0
F,375.0
F,375.0
F,375.0
F,375.0
F,375.0
F,375.0
F,375.0
F,375.0
F,375.0
F,375.0
F,375.0
F,375.0
F,375.0
F,375.0
F,375.0
F,375.0
F,375.0
F,375.0
F,375.0
F,375.0
F,375.0
F,375.0
F,375.0
F,375.0
F,375.0
F,375.0
F,375.0
F,375.0
F,375.0
F,375.0
F,375.0
F,375.0
F,375.0
F,375.0
F,375.0
F,375.0
F,375.0
F,375.5
F,375.5
F,376.0
F,376.48
F,376.68763476347783
F,377.5
F,377.5
F,377.5
F,377.5
F,377.5
F,377.5
F,377.5
F,377.5
F,377.5
F,377.5
F,377.5
F,377.5
F,377.5
F,377.5
F,377.5
F,377.5
F,377.5
F,377.5
F,377.5
F,377.5
F,377.5
F,377.5
F,377.5
F,377.5
F,377.5
F,377.5
F,377.5
F,377.5
F,377.5
F,377.5
F,377.5
F,377.5
F,377.5
F,377.5
F,377.5
F,377.5
F,377.5
F,377.5
F,377.5
F,377.5
F,377.5
F,377.5
F,377.5
F,377.5
F,377.5
F,377.5
F,377.5
F,377.5
F,377.5
F,377.5
F,377.5
F,377.5
F,377.5
F,377.5
F,377.5
F,377.5
F,377.5
F,377.5
F,377.5
F,377.5
F,377.5
F,377.5
F,377.5
F,377.5
F,377.5
F,377.5
F,377.5
F,377.5
F,377.5
F,377.5
F,377.5
F,378.0
F,378.0
F,378.5
F,378.5
F,378.75
F,379.5
F,380.0
F,380.0
F,380.0
F,380.0
F,380.0
F,380.0
F,380.0
F,380.0
F,380.0
F,380.0
F,380.0
F,380.0
F,380.0
F,380.0
F,380.0
F,380.0
F,380.0
F,380.0
F,380.0
F,380.0
F,380.0
F,380.0
F,380.0
F,380.0
F,380.0
F,380.0
F,380.0
F,380.0
F,380.0
F,380.0
F,380.0
F,380.0
F,380.0
F,380.0
F,380.0
F,380.0
F,380.0
F,380.0
F,380.0
F,380.0
F,380.0
F,380.0
F,380.0
F,380.0
F,380.0
F,380.0
F,380.0
F,380.0
F,380.0
F,380.0
F,380.0
F,380.0
F,380.0
F,380.0
F,380.0
F,380.0
F,380.0
F,380.0
F,380.0
F,380.0
F,380.0
F,380.0
F,380.0
F,380.0
F,380.0
F,380.0
F,380.0
F,380.0
F,380.0
F,380.0
F,380.0
F,380.0
F,380.5
F,380.5
F,381.0
F,381.02
F,382.0
F,382.5
F,382.5
F,382.5
F,382.5
F,382.5
F,382.5
F,382.5
F,382.5
F,382.5
F,382.5
F,382.5
F,382.5
F,382.5
F,382.5
F,382.5
F,382.5
F,382.5
F,382.5
F,382.5
F,382.5
F,382.5
F,382.5
F,382.5
F,382.5
F,382.5
F,382.5
F,382.5
F,382.5
F,382.5
F,382.5
F,382.5
F,382.5
F,382.5
F,382.5
F,382.5
F,382.5
F,382.5
F,382.5
F,382.5
F,382.5
F,382.5
F,382.5
F,382.5
F,382.5
F,382.5
F,382.5
F,382.5
F,382.5
F,382.5
F,382.5
F,382.5
F,382.5
F,382.5
F,382.5
F,382.5
F,382.5
F,382.5
F,382.5
F,382.5
F,382.5
F,382.5
F,382.5
F,382.5
F,383.0
F,383.0
F,383.0
F,383.29
F,383.5
F,384.0
F,385.0
F,385.0
F,385.0
F,385.0
F,385.0
F,385.0
F,385.0
F,385.0
F,385.0
F,385.0
F,385.0
F,385.0
F,385.0
F,385.0
F,385.0
F,385.0
F,385.0
F,385.0
F,385.0
F,385.0
F,385.0
F,385.0
F,385.0
F,385.0
F,385.0
F,385.0
F,385.0
F,385.0
F,385.0
F,385.0
F,385.0
F,385.0
F,385.0
F,385.0
F,385.0
F,385.0
F,385.0
F,385.0
F,385.0
F,385.0
F,385.0
F,385.0
F,385.0
F,385.0
F,385.0
F,385.0
F,385.0
F,385.0
F,385.0
F,385.0
F,385.0
F,385.0
F,385.0
F,385.0
F,385.0
F,385.0
F,385.0
F,385.0
F,385.0
F,385.0
F,385.0
F,385.0
F,385.0
F,385.0
F,385.0
F,385.0
F,385.5
F,385.5
F,385.55
F,386.0
F,386.0
F,387.0
F,387.5
F,387.5
F,387.5
F,387.5
F,387.5
F,387.5
F,387.5
F,387.5
F,387.5
F,387.5
F,387.5
F,387.5
F,387.5
F,387.5
F,387.5
F,387.5
F,387.5
F,387.5
F,387.5
F,387.5
F,387.5
F,387.5
F,387.5
F,387.5
F,387.5
F,387.5
F,387.5
F,387.5
F,387.5
F,387.5
F,387.5
F,387.5
F,387.5
F,387.5
F,387.5
F,387.5
F,387.5
F,387.5
F,387.5
F,387.5
F,387.5
F,387.5
F,387.5
F,387.5
F,387.5
F,387.5
F,387.5
F,387.5
F,387.5
F,387.5
F,387.5
F,387.5
F,387.5
F,387.5
F,387.5
F,387.5
F,387.5
F,387.5
F,387.5
F,387.5
F,387.82
F,388.0
F,388.0
F,388.5
F,389.0
F,389.5
F,390.0
F,390.0
F,390.0
F,390.0
F,390.0
F,390.0
F,390.0
F,390.0
F,390.0
F,390.0
F,390.0
F,390.0
F,390.0
F,390.0
F,390.0
F,390.0
F,390.0
F,390.0
F,390.0
F,390.0
F,390.0
F,390.0
F,390.0
F,390.0
F,390.0
F,390.0
F,390.0
F,390.0
F,390.0
F,390.0
F,390.0
F,390.0
F,390.0
F,390.0
F,390.0
F,390.0
F,390.0
F,390.0
F,390.0
F,390.0
F,390.0
F,390.0
F,390.0
F,390.0
F,390.0
F,390.0
F,390.0
F,390.0
F,390.0
F,390.0
F,390.0
F,390.0
F,390.0
F,390.0
F,390.0
F,390.0
F,390.0
F,390.0
F,390.0
F,390.0
F,390.0
F,390.0
F,390.0
F,390.09
F,390.5
F,390.5
F,391.0
F,391.0
F,392.0
F,392.36
F,392.5
F,392.5
F,392.5
F,392.5
F,392.5
F,392.5
F,392.5
F,392.5
F,392.5
F,392.5
F,392.5
F,392.5
F,392.5
F,392.5
F,392.5
F,392.5
F,392.5
F,392.5
F,392.5
F,392.5
F,392.5
F,392.5
F,392.5
F,392.5
F,392.5
F,392.5
F,392.5
F,392.5
F,392.5
F,392.5
F,392.5
F,392.5
F,392.5
F,392.5
F,392.5
F,392.5
F,392.5
F,392.5
F,392.5
F,392.5
F,392.5
F,392.5
F,392.5
F,392.5
F,392.5
F,392.5
F,392.5
F,392.5
F,392.5
F,392.5
F,392.5
F,392.5
F,392.5
F,392.5
F,392.5
F,393.0
F,393.0
F,393.0
F,393.5
F,394.63
F,395.0
F,395.0
F,395.0
F,395.0
F,395.0
F,395.0
F,395.0
F,395.0
F,395.0
F,395.0
F,395.0
F,395.0
F,395.0
F,395.0
F,395.0
F,395.0
F,395.0
F,395.0
F,395.0
F,395.0
F,395.0
F,395.0
F,395.0
F,395.0
F,395.0
F,395.0
F,395.0
F,395.0
F,395.0
F,395.0
F,395.0
F,395.0
F,395.0
F,395.0
F,395.0
F,395.0
F,395.0
F,395.0
F,395.0
F,395.0
F,395.0
F,395.0
F,395.0
F,395.0
F,395.0
F,395.0
F,395.0
F,395.0
F,395.0
F,395.0
F,395.0
F,395.0
F,395.0
F,395.0
F,395.0
F,395.0
F,395.5
F,395.5
F,396.0
F,396.0
F,396.89
F,397.5
F,397.5
F,397.5
F,397.5
F,397.5
F,397.5
F,397.5
F,397.5
F,397.5
F,397.5
F,397.5
F,397.5
F,397.5
F,397.5
F,397.5
F,397.5
F,397.5
F,397.5
F,397.5
F,397.5
F,397.5
F,397.5
F,397.5
F,397.5
F,397.5
F,397.5
F,397.5
F,397.5
F,397.5
F,397.5
F,397.5
F,397.5
F,397.5
F,397.5
F,397.5
F,397.5
F,397.5
F,397.5
F,397.5
F,397.5
F,397.5
F,397.5
F,397.5
F,397.5
F,397.5
F,397.5
F,397.5
F,398.0
F,398.0
F,398.5
F,399.0
F,399.5
F,400.0
F,400.0
F,400.0
F,400.0
F,400.0
F,400.0
F,400.0
F,400.0
F,400.0
F,400.0
F,400.0
F,400.0
F,400.0
F,400.0
F,400.0
F,400.0
F,400.0
F,400.0
F,400.0
F,400.0
F,400.0
F,400.0
F,400.0
F,400.0
F,400.0
F,400.0
F,400.0
F,400.0
F,400.0
F,400.0
F,400.0
F,400.0
F,400.0
F,400.0
F,400.0
F,400.0
F,400.0
F,400.0
F,400.0
F,400.0
F,400.0
F,400.0
F,400.0
F,400.0
F,400.0
F,400.0
F,400.0
F,400.0
F,400.0
F,400.0
F,400.0
F,400.0
F,400.0
F,400.0
F,400.0
F,400.0
F,400.0
F,400.0
F,400.0
F,400.0
F,400.0
F,400.0
F,400.5
F,400.5
F,401.0
F,401.0
F,402.0
F,402.5
F,402.5
F,402.5
F,402.5
F,402.5
F,402.5
F,402.5
F,402.5
F,402.5
F,402.5
F,402.5
F,402.5
F,402.5
F,402.5
F,402.5
F,402.5
F,402.5
F,402.5
F,402.5
F,402.5
F,402.5
F,402.5
F,402.5
F,402.5
F,402.5
F,402.5
F,402.5
F,402.5
F,402.5
F,402.5
F,402.5
F,402.5
F,402.5
F,402.5
F,402.5
F,402.5
F,402.5
F,402.5
F,402.5
F,402.5
F,402.5
F,402.5
F,402.5
F,402.5
F,402.5
F,402.7354235423845
F,403.0
F,403.0
F,403.5
F,403.7
F,405.0
F,405.0
F,405.0
F,405.0
F,405.0
F,405.0
F,405.0
F,405.0
F,405.0
F,405.0
F,405.0
F,405.0
F,405.0
F,405.0
F,405.0
F,405.0
F,405.0
F,405.0
F,405.0
F,405.0
F,405.0
F,405.0
F,405.0
F,405.0
F,405.0
F,405.0
F,405.0
F,405.0
F,405.0
F,405.0
F,405.0
F,405.0
F,405.0
F,405.0
F,405.0
F,405.0
F,405.0
F,405.0
F,405.0
F,405.0
F,405.0
F,405.0
F,405.0
F,405.0
F,405.0
F,405.0
F,405.0
F,405.0
F,405.0
F,405.5
F,405.5
F,405.97
F,406.45894589458476
F,407.5
F,407.5
F,407.5
F,407.5
F,407.5
F,407.5
F,407.5
F,407.5
F,407.5
F,407.5
F,407.5
F,407.5
F,407.5
F,407.5
F,407.5
F,407.5
F,407.5
F,407.5
F,407.5
F,407.5
F,407.5
F,407.5
F,407.5
F,407.5
F,407.5
F,407.5
F,407.5
F,407.5
F,407.5
F,407.5
F,407.5
F,407.5
F,407.5
F,407.5
F,407.5
F,407.5
F,407.5
F,407.5
F,407.5
F,407.5
F,407.5
F,407.5
F,407.5
F,408.0
F,408.0
F,408.23
F,408.5
F,409.0
F,410.0
F,410.0
F,410.0
F,410.0
F,410.0
F,410.0
F,410.0
F,410.0
F,410.0
F,410.0
F,410.0
F,410.0
F,410.0
F,410.0
F,410.0
F,410.0
F,410.0
F,410.0
F,410.0
F,410.0
F,410.0
F,410.0
F,410.0
F,410.0
F,410.0
F,410.0
F,410.0
F,410.0
F,410.0
F,410.0
F,410.0
F,410.0
F,410.0
F,410.0
F,410.0
F,410.0
F,410.0
F,410.0
F,410.0
F,410.0
F,410.0
F,410.0
F,410.0
F,410.0
F,410.0
F,410.0
F,410.0
F,410.5
F,410.5
F,411.0
F,411.0
F,412.0
F,412.5
F,412.5
F,412.5
F,412.5
F,412.5
F,412.5
F,412.5
F,412.5
F,412.5
F,412.5
F,412.5
F,412.5
F,412.5
F,412.5
F,412.5
F,412.5
F,412.5
F,412.5
F,412.5
F,412.5
F,412.5
F,412.5
F,412.5
F,412.5
F,412.5
F,412.5
F,412.5
F,412.5
F,412.5
F,412.5
F,412.5
F,412.5
F,412.5
F,412.5
F,412.5
F,412.5
F,412.5
F,412.5
F,412.5
F,412.7411341134261
F,413.0
F,413.0
F,413.5
F,414.0
F,415.0
F,415.0
F,415.0
F,415.0
F,415.0
F,415.0
F,415.0
F,415.0
F,415.0
F,415.0
F,415.0
F,415.0
F,415.0
F,415.0
F,415.0
F,415.0
F,415.0
F,415.0
F,415.0
F,415.0
F,415.0
F,415.0
F,415.0
F,415.0
F,415.0
F,415.0
F,415.0
F,415.0
F,415.0
F,415.0
F,415.0
F,415.0
F,415.0
F,415.0
F,415.0
F,415.0
F,415.0
F,415.0
F,415.0
F,415.0
F,415.5
F,416.0
F,416.0
F,417.3
F,417.5
F,417.5
F,417.5
F,417.5
F,417.5
F,417.5
F,417.5
F,417.5
F,417.5
F,417.5
F,417.5
F,417.5
F,417.5
F,417.5
F,417.5
F,417.5
F,417.5
F,417.5
F,417.5
F,417.5
F,417.5
F,417.5
F,417.5
F,417.5
F,417.5
F,417.5
F,417.5
F,417.5
F,417.5
F,417.5
F,417.5
F,417.5
F,417.5
F,417.5
F,417.5
F,418.0
F,418.0
F,418.5
F,419.5
F,420.0
F,420.0
F,420.0
F,420.0
F,420.0
F,420.0
F,420.0
F,420.0
F,420.0
F,420.0
F,420.0
F,420.0
F,420.0
F,420.0
F,420.0
F,420.0
F,420.0
F,420.0
F,420.0
F,420.0
F,420.0
F,420.0
F,420.0
F,420.0
F,420.0
F,420.0
F,420.0
F,420.0
F,420.0
F,420.0
F,420.0
F,420.0
F,420.0
F,420.0
F,420.0
F,420.0
F,420.0
F,420.0
F,420.0
F,420.0
F,420.5
F,420.5
F,421.0
F,421.5
F,422.0
F,422.5
F,422.5
F,422.5
F,422.5
F,422.5
F,422.5
F,422.5
F,422.5
F,422.5
F,422.5
F,422.5
F,422.5
F,422.5
F,422.5
F,422.5
F,422.5
F,422.5
F,422.5
F,422.5
F,422.5
F,422.5
F,422.5
F,422.5
F,422.5
F,422.5
F,422.5
F,422.5
F,422.5
F,422.5
F,422.5
F,422.5
F,423.0
F,423.0
F,424.0
F,424.5
F,425.0
F,425.0
F,425.0
F,425.0
F,425.0
F,425.0
F,425.0
F,425.0
F,425.0
F,425.0
F,425.0
F,425.0
F,425.0
F,425.0
F,425.0
F,425.0
F,425.0
F,425.0
F,425.0
F,425.0
F,425.0
F,425.0
F,425.0
F,425.0
F,425.0
F,425.0
F,425.0
F,425.0
F,425.0
F,425.0
F,425.0
F,425.0
F,425.5
F,425.5
F,426.0
F,426.38
F,427.2559455945552
F,427.5
F,427.5
F,427.5
F,427.5
F,427.5
F,427.5
F,427.5
F,427.5
F,427.5
F,427.5
F,427.5
F,427.5
F,427.5
F,427.5
F,427.5
F,427.5
F,427.5
F,427.5
F,427.5
F,427.5
F,427.5
F,427.5
F,427.5
F,427.5
F,427.5
F,427.5
F,427.5
F,427.5
F,427.5
F,427.5
F,428.0
F,428.5
F,429.0
F,430.0
F,430.0
F,430.0
F,430.0
F,430.0
F,430.0
F,430.0
F,430.0
F,430.0
F,430.0
F,430.0
F,430.0
F,430.0
F,430.0
F,430.0
F,430.0
F,430.0
F,430.0
F,430.0
F,430.0
F,430.0
F,430.0
F,430.0
F,430.0
F,430.0
F,430.0
F,430.0
F,430.0
F,430.0
F,430.0
F,430.0
F,430.0
F,430.0
F,430.5
F,430.5
F,431.0
F,432.0
F,432.5
F,432.5
F,432.5
F,432.5
F,432.5
F,432.5
F,432.5
F,432.5
F,432.5
F,432.5
F,432.5
F,432.5
F,432.5
F,432.5
F,432.5
F,432.5
F,432.5
F,432.5
F,432.5
F,432.5
F,432.5
F,432.5
F,432.5
F,432.5
F,432.5
F,432.5
F,432.5
F,433.0
F,433.18
F,433.8053305330686
F,435.0
F,435.0
F,435.0
F,435.0
F,435.0
F,435.0
F,435.0
F,435.0
F,435.0
F,435.0
F,435.0
F,435.0
F,435.0
F,435.0
F,435.0
F,435.0
F,435.0
F,435.0
F,435.0
F,435.0
F,435.0
F,435.0
F,435.0
F,435.0
F,435.0
F,435.0
F,435.5
F,436.0
F,437.0
F,437.5
F,437.5
F,437.5
F,437.5
F,437.5
F,437.5
F,437.5
F,437.5
F,437.5
F,437.5
F,437.5
F,437.5
F,437.5
F,437.5
F,437.5
F,437.5
F,437.5
F,437.5
F,437.5
F,437.5
F,437.5
F,437.5
F,437.5
F,437.5
F,437.5
F,437.5
F,438.0
F,438.5
F,439.98
F,440.0
F,440.0
F,440.0
F,440.0
F,440.0
F,440.0
F,440.0
F,440.0
F,440.0
F,440.0
F,440.0
F,440.0
F,440.0
F,440.0
F,440.0
F,440.0
F,440.0
F,440.0
F,440.0
F,440.0
F,440.0
F,440.0
F,440.0
F,440.0
F,440.5
F,440.5
F,441.5
F,442.5
F,442.5
F,442.5
F,442.5
F,442.5
F,442.5
F,442.5
F,442.5
F,442.5
F,442.5
F,442.5
F,442.5
F,442.5
F,442.5
F,442.5
F,442.5
F,442.5
F,442.5
F,442.5
F,442.5
F,442.5
F,443.0
F,443.0
F,444.0
F,445.0
F,445.0
F,445.0
F,445.0
F,445.0
F,445.0
F,445.0
F,445.0
F,445.0
F,445.0
F,445.0
F,445.0
F,445.0
F,445.0
F,445.0
F,445.0
F,445.0
F,445.0
F,445.0
F,445.0
F,445.0
F,445.0
F,445.5
F,446.0
F,447.5
F,447.5
F,447.5
F,447.5
F,447.5
F,447.5
F,447.5
F,447.5
F,447.5
F,447.5
F,447.5
F,447.5
F,447.5
F,447.5
F,447.5
F,447.5
F,447.5
F,447.5
F,448.0
F,448.0
F,449.0
F,450.0
F,450.0
F,450.0
F,450.0
F,450.0
F,450.0
F,450.0
F,450.0
F,450.0
F,450.0
F,450.0
F,450.0
F,450.0
F,450.0
F,450.0
F,450.0
F,450.0
F,450.0
F,450.0
F,450.5
F,451.0
F,452.5
F,452.5
F,452.5
F,452.5
F,452.5
F,452.5
F,452.5
F,452.5
F,452.5
F,452.5
F,452.5
F,452.5
F,452.5
F,452.5
F,452.5
F,453.0
F,453.5
F,453.59
F,455.0
F,455.0
F,455.0
F,455.0
F,455.0
F,455.0
F,455.0
F,455.0
F,455.0
F,455.0
F,455.0
F,455.0
F,455.0
F,455.0
F,455.0
F,455.0
F,455.0
F,455.0
F,455.0
F,455.0
F,455.0
F,455.0
F,455.0
F,455.5
F,456.0
F,457.5
F,457.5
F,457.5
F,457.5
F,457.5
F,457.5
F,457.5
F,457.5
F,457.5
F,457.5
F,457.5
F,457.5
F,457.5
F,457.5
F,457.5
F,457.5
F,458.0
F,458.0
F,459.0
F,460.0
F,460.0
F,460.0
F,460.0
F,460.0
F,460.0
F,460.0
F,460.0
F,460.0
F,460.0
F,460.0
F,460.0
F,460.0
F,460.0
F,460.0
F,460.0
F,460.5
F,461.5
F,462.5
F,462.5
F,462.5
F,462.5
F,462.5
F,462.5
F,462.5
F,462.5
F,462.5
F,462.5
F,462.5
F,462.5
F,462.5
F,462.5
F,463.0
F,463.5
F,465.0
F,465.0
F,465.0
F,465.0
F,465.0
F,465.0
F,465.0
F,465.0
F,465.0
F,465.0
F,465.0
F,465.0
F,465.0
F,465.0
F,465.5
F,466.5
F,467.5
F,467.5
F,467.5
F,467.5
F,467.5
F,467.5
F,467.5
F,467.5
F,467.5
F,467.5
F,467.5
F,467.5
F,468.0
F,469.0
F,470.0
F,470.0
F,470.0
F,470.0
F,470.0
F,470.0
F,470.0
F,470.0
F,470.0
F,470.0
F,470.0
F,470.0
F,471.0
F,471.5
F,472.5
F,472.5
F,472.5
F,472.5
F,472.5
F,472.5
F,472.5
F,472.5
F,472.5
F,473.0
F,473.5
F,475.0
F,475.0
F,475.0
F,475.0
F,475.0
F,475.0
F,475.0
F,475.0
F,475.0
F,475.0
F,475.0
F,475.5
F,477.0
F,477.5
F,477.5
F,477.5
F,477.5
F,477.5
F,477.5
F,477.5
F,477.5
F,477.5
F,477.5
F,478.0
F,480.0
F,480.0
F,480.0
F,480.0
F,480.0
F,480.0
F,480.0
F,480.0
F,480.0
F,480.0
F,480.5
F,481.0
F,482.5
F,482.5
F,482.5
F,482.5
F,482.5
F,482.5
F,482.5
F,482.5
F,482.5
F,483.0
F,484.5
F,485.0
F,485.0
F,485.0
F,485.0
F,485.0
F,485.0
F,485.0
F,485.0
F,485.0
F,486.0
F,487.5
F,487.5
F,487.5
F,487.5
F,487.5
F,487.5
F,487.5
F,487.61
F,489.0
F,490.0
F,490.0
F,490.0
F,490.0
F,490.0
F,490.0
F,490.0
F,490.0
F,491.0
F,492.5
F,492.5
F,492.5
F,492.5
F,492.5
F,492.5
F,492.5
F,493.5
F,495.0
F,495.0
F,495.0
F,495.0
F,495.0
F,495.0
F,495.0
F,497.5
F,497.5
F,497.5
F,497.5
F,497.5
F,497.5
F,498.5
F,500.0
F,500.0
F,500.0
F,500.0
F,500.0
F,500.0
F,500.0
F,500.0
F,500.5
F,501.5
F,502.5
F,502.5
F,502.5
F,502.5
F,502.5
F,503.0
F,505.0
F,505.0
F,505.0
F,505.0
F,505.0
F,505.0
F,506.5
F,507.5
F,507.5
F,507.5
F,507.5
F,508.0
F,510.0
F,510.0
F,510.0
F,510.0
F,511.0
F,512.5
F,512.5
F,512.5
F,512.5
F,514.83
F,515.0
F,515.0
F,515.0
F,515.0
F,515.5
F,517.5
F,517.5
F,517.5
F,517.5
F,519.5207520751865
F,520.0
F,520.0
F,520.0
F,521.0
F,522.5
F,522.5
F,522.5
F,523.5
F,525.0
F,525.0
F,525.0
F,525.0
F,526.0
F,527.5
F,527.5
F,527.5
F,528.6049604960426
F,530.0
F,530.0
F,530.0904090408876
F,532.5
F,532.5
F,532.5
F,533.0
F,535.0
F,535.0
F,535.0
F,537.5
F,537.5
F,539.3976947694772
F,540.0
F,540.0
F,541.0
F,542.5
F,542.5
F,543.8461346134718
F,545.0
F,545.0
F,547.5
F,547.5
F,550.0
F,550.0
F,552.5
F,552.9739973997639
F,555.0
F,555.65
F,557.5
F,560.0
F,560.5
F,562.5
F,565.0
F,567.5
F,570.0
F,571.2588258825999
F,573.0
F,575.0
F,580.0
F,582.072757275746
F,585.0
F,588.9945944594458
F,592.5
F,595.0
F,600.0
F,605.0
F,610.0
F,615.5
F,622.5
F,632.5
F,643.686068606883
F,650.514551455155
F,675.0
F,704.5
F,759.0
